time_s,tracker_id,pos_x,pos_y,pos_z,rot_y,is_gripping,down_face_x,down_face_y,down_face_z
0.0027,CubeBlue,0.0735,0.7226,0.5805,352.93,0,0.00,-1.00,0.00
0.0067,CubeRed,-0.0839,0.6947,0.5388,347.87,0,0.00,-1.00,0.00
0.1105,CubeBlue,0.0735,0.7226,0.5805,352.93,0,0.00,-1.00,0.00
0.1107,CubeRed,-0.0757,0.6921,0.5259,347.88,0,0.00,-1.00,0.00
0.1375,CubeBlue,0.0735,0.7226,0.5805,352.93,0,0.00,-1.00,0.00
0.1379,CubeRed,-0.1090,0.7042,0.5203,347.87,0,0.00,-1.00,0.00
0.1908,CubeBlue,0.0735,0.7226,0.5805,352.93,0,0.00,-1.00,0.00
0.1909,CubeRed,-0.1090,0.7042,0.5203,347.87,0,0.00,-1.00,0.00
0.3024,CubeBlue,0.0735,0.7226,0.5805,352.93,0,0.00,-1.00,0.00
0.3027,CubeRed,-0.1090,0.7042,0.5203,347.88,0,0.00,-1.00,0.00
0.3306,CubeBlue,0.0735,0.7226,0.5805,352.93,0,0.00,-1.00,0.00
0.3308,CubeRed,-0.1090,0.7042,0.5203,347.89,0,0.00,-1.00,0.00
0.3847,CubeBlue,0.0735,0.7226,0.5805,352.93,0,0.00,-1.00,0.00
0.3849,CubeRed,-0.1090,0.7042,0.5203,347.89,0,0.00,-1.00,0.00
0.4963,CubeBlue,0.0735,0.7226,0.5805,352.93,0,0.00,-1.00,0.00
0.4965,CubeRed,-0.1090,0.7042,0.5203,319.16,0,0.00,-1.00,0.00
0.5255,CubeBlue,0.0735,0.7226,0.5805,352.93,0,0.00,-1.00,0.00
0.5261,CubeRed,-0.1090,0.7042,0.5203,319.16,0,0.00,-1.00,0.00
0.5799,CubeBlue,0.0735,0.7226,0.5805,352.93,0,0.00,-1.00,0.00
0.5800,CubeRed,-0.1090,0.7042,0.5203,319.17,0,0.00,-1.00,0.00
0.6918,CubeBlue,0.0735,0.7226,0.5805,352.92,0,0.00,-1.00,0.00
0.6923,CubeRed,-0.1090,0.7042,0.5203,319.16,0,0.00,-1.00,0.00
0.7194,CubeBlue,0.0735,0.7226,0.5805,352.92,0,0.00,-1.00,0.00
0.7196,CubeRed,-0.1090,0.7042,0.5203,319.16,0,0.00,-1.00,0.00
0.7743,CubeBlue,0.0735,0.7226,0.5805,352.92,0,0.00,-1.00,0.00
0.7744,CubeRed,-0.1090,0.7042,0.5203,319.16,0,0.00,-1.00,0.00
0.8830,CubeBlue,0.0735,0.7226,0.5805,352.92,0,0.00,-1.00,0.00
0.8832,CubeRed,-0.1090,0.7042,0.5203,319.16,0,0.00,-1.00,0.00
0.9142,CubeBlue,0.0735,0.7226,0.5805,352.92,0,0.00,-1.00,0.00
0.9144,CubeRed,-0.1090,0.7042,0.5203,319.17,0,0.00,-1.00,0.00
0.9685,CubeBlue,0.0735,0.7226,0.5805,352.92,0,0.00,-1.00,0.00
0.9686,CubeRed,-0.1090,0.7042,0.5203,319.17,0,0.00,-1.00,0.00
1.0800,CubeBlue,0.0735,0.7226,0.5805,352.91,0,0.00,-1.00,0.00
1.0803,CubeRed,-0.1090,0.7042,0.5203,319.16,0,0.00,-1.00,0.00
1.1095,CubeBlue,0.0735,0.7226,0.5805,352.91,0,0.00,-1.00,0.00
1.1100,CubeRed,-0.1090,0.7042,0.5203,319.16,0,0.00,-1.00,0.00
1.1629,CubeBlue,0.0735,0.7226,0.5805,352.91,0,0.00,-1.00,0.00
1.1630,CubeRed,-0.1090,0.7042,0.5203,319.16,0,0.00,-1.00,0.00
1.2753,CubeBlue,0.0735,0.7226,0.5805,352.91,0,0.00,-1.00,0.00
1.2755,CubeRed,-0.1090,0.7042,0.5203,319.16,0,0.00,-1.00,0.00
1.3040,CubeBlue,0.0735,0.7226,0.5805,352.92,0,0.00,-1.00,0.00
1.3041,CubeRed,-0.1090,0.7042,0.5203,319.16,0,0.00,-1.00,0.00
1.3579,CubeBlue,0.0735,0.7226,0.5805,352.92,0,0.00,-1.00,0.00
1.3580,CubeRed,-0.1090,0.7042,0.5203,319.16,0,0.00,-1.00,0.00
1.4686,CubeBlue,0.0735,0.7226,0.5805,352.92,0,0.00,-1.00,0.00
1.4691,CubeRed,-0.1090,0.7042,0.5203,319.16,0,0.00,-1.00,0.00
1.4978,CubeBlue,0.0735,0.7226,0.5805,352.92,0,0.00,-1.00,0.00
1.4980,CubeRed,-0.1090,0.7042,0.5203,319.16,0,0.00,-1.00,0.00
1.5519,CubeBlue,0.0735,0.7226,0.5805,352.92,0,0.00,-1.00,0.00
1.5520,CubeRed,-0.1090,0.7042,0.5203,319.16,0,0.00,-1.00,0.00
1.6632,CubeBlue,0.0735,0.7226,0.5805,352.91,0,0.00,-1.00,0.00
1.6634,CubeRed,-0.1090,0.7042,0.5203,319.16,0,0.00,-1.00,0.00
1.6923,CubeBlue,0.0735,0.7226,0.5805,352.91,0,0.00,-1.00,0.00
1.6930,CubeRed,-0.1090,0.7042,0.5203,319.16,0,0.00,-1.00,0.00
1.7492,CubeBlue,0.0735,0.7226,0.5805,352.91,0,0.00,-1.00,0.00
1.7494,CubeRed,-0.1090,0.7042,0.5203,319.16,0,0.00,-1.00,0.00
1.8579,CubeBlue,0.0735,0.7226,0.5805,352.91,0,0.00,-1.00,0.00
1.8580,CubeRed,-0.1090,0.7042,0.5203,319.16,0,0.00,-1.00,0.00
1.8866,CubeBlue,0.0735,0.7226,0.5805,352.91,0,0.00,-1.00,0.00
1.8867,CubeRed,-0.1090,0.7042,0.5203,319.16,0,0.00,-1.00,0.00
1.9405,CubeBlue,0.0735,0.7226,0.5805,352.91,0,0.00,-1.00,0.00
1.9407,CubeRed,-0.1090,0.7042,0.5203,319.16,0,0.00,-1.00,0.00
2.0536,CubeBlue,0.0735,0.7226,0.5805,352.91,0,0.00,-1.00,0.00
2.0538,CubeRed,-0.1090,0.7042,0.5203,319.16,0,0.00,-1.00,0.00
2.0812,CubeBlue,0.0735,0.7226,0.5805,352.91,0,0.00,-1.00,0.00
2.0814,CubeRed,-0.1090,0.7042,0.5203,319.16,0,0.00,-1.00,0.00
2.1354,CubeBlue,0.0735,0.7226,0.5805,352.91,0,0.00,-1.00,0.00
2.1355,CubeRed,-0.1090,0.7042,0.5203,319.16,0,0.00,-1.00,0.00
2.2469,CubeBlue,0.0735,0.7226,0.5805,355.30,0,0.00,-1.00,0.00
2.2471,CubeRed,-0.1090,0.7042,0.5203,319.16,0,0.00,-1.00,0.00
2.2753,CubeBlue,0.0735,0.7226,0.5805,355.30,0,0.00,-1.00,0.00
2.2758,CubeRed,-0.1090,0.7042,0.5203,319.16,0,0.00,-1.00,0.00
2.3297,CubeBlue,0.0735,0.7226,0.5805,355.30,0,0.00,-1.00,0.00
2.3317,CubeRed,-0.1090,0.7042,0.5203,319.16,0,0.00,-1.00,0.00
2.4411,CubeBlue,0.0735,0.7226,0.5805,355.31,0,0.00,-1.00,0.00
2.4413,CubeRed,-0.1090,0.7042,0.5203,319.16,0,0.00,-1.00,0.00
2.4705,CubeBlue,0.0735,0.7226,0.5805,355.30,0,0.00,-1.00,0.00
2.4709,CubeRed,-0.1090,0.7042,0.5203,319.16,0,0.00,-1.00,0.00
2.5238,CubeBlue,0.0735,0.7226,0.5805,355.30,0,0.00,-1.00,0.00
2.5239,CubeRed,-0.1090,0.7042,0.5203,319.16,0,0.00,-1.00,0.00
2.6351,CubeBlue,0.0735,0.7226,0.5805,355.30,0,0.00,-1.00,0.00
2.6352,CubeRed,-0.1090,0.7042,0.5203,319.16,0,0.00,-1.00,0.00
2.6646,CubeBlue,0.0735,0.7226,0.5805,355.30,0,0.00,-1.00,0.00
2.6648,CubeRed,-0.1090,0.7042,0.5203,319.16,0,0.00,-1.00,0.00
2.7193,CubeBlue,0.0735,0.7226,0.5805,355.31,0,0.00,-1.00,0.00
2.7195,CubeRed,-0.1090,0.7042,0.5203,319.16,0,0.00,-1.00,0.00
2.8299,CubeBlue,0.0735,0.7226,0.5805,355.30,0,0.00,-1.00,0.00
2.8301,CubeRed,-0.1090,0.7042,0.5203,319.16,0,0.00,-1.00,0.00
2.8597,CubeBlue,0.0735,0.7226,0.5805,355.30,0,0.00,-1.00,0.00
2.8603,CubeRed,-0.1090,0.7042,0.5203,319.16,0,0.00,-1.00,0.00
2.9131,CubeBlue,0.0735,0.7226,0.5805,355.30,0,0.00,-1.00,0.00
2.9133,CubeRed,-0.1090,0.7042,0.5203,319.16,0,0.00,-1.00,0.00
3.0245,CubeBlue,0.0735,0.7226,0.5805,355.30,0,0.00,-1.00,0.00
3.0248,CubeRed,-0.1090,0.7042,0.5203,323.21,0,0.00,-1.00,0.00
3.0539,CubeBlue,0.0735,0.7226,0.5805,355.30,0,0.00,-1.00,0.00
3.0541,CubeRed,-0.1090,0.7042,0.5203,323.20,0,0.00,-1.00,0.00
3.1078,CubeBlue,0.0735,0.7226,0.5805,355.30,0,0.00,-1.00,0.00
3.1079,CubeRed,-0.1090,0.7042,0.5203,323.20,0,0.00,-1.00,0.00
3.2204,CubeBlue,0.0735,0.7226,0.5805,355.30,0,0.00,-1.00,0.00
3.2207,CubeRed,-0.1090,0.7042,0.5203,323.20,0,0.00,-1.00,0.00
3.2478,CubeBlue,0.0735,0.7226,0.5805,355.30,0,0.00,-1.00,0.00
3.2479,CubeRed,-0.1090,0.7042,0.5203,323.20,0,0.00,-1.00,0.00
3.3017,CubeBlue,0.0735,0.7226,0.5805,355.30,0,0.00,-1.00,0.00
3.3018,CubeRed,-0.1090,0.7042,0.5203,323.20,0,0.00,-1.00,0.00
3.4146,CubeBlue,0.0735,0.7226,0.5805,355.30,0,0.00,-1.00,0.00
3.4154,CubeRed,-0.1090,0.7042,0.5203,323.20,0,0.00,-1.00,0.00
3.4429,CubeBlue,0.0735,0.7226,0.5805,355.30,0,0.00,-1.00,0.00
3.4433,CubeRed,-0.1090,0.7042,0.5203,323.21,0,0.00,-1.00,0.00
3.4990,CubeBlue,0.0735,0.7226,0.5805,355.30,0,0.00,-1.00,0.00
3.4991,CubeRed,-0.1090,0.7042,0.5203,323.21,0,0.00,-1.00,0.00
3.6077,CubeBlue,0.0735,0.7226,0.5805,355.30,0,0.00,-1.00,0.00
3.6081,CubeRed,-0.1090,0.7042,0.5203,323.21,0,0.00,-1.00,0.00
3.6361,CubeBlue,0.0735,0.7226,0.5805,355.30,0,0.00,-1.00,0.00
3.6362,CubeRed,-0.1090,0.7042,0.5203,323.21,0,0.00,-1.00,0.00
3.6912,CubeBlue,0.0735,0.7226,0.5805,355.30,0,0.00,-1.00,0.00
3.6913,CubeRed,-0.1090,0.7042,0.5203,323.21,0,0.00,-1.00,0.00
3.8019,CubeBlue,0.0735,0.7226,0.5805,355.30,0,0.00,-1.00,0.00
3.8022,CubeRed,-0.1090,0.7042,0.5203,323.21,0,0.00,-1.00,0.00
3.8319,CubeBlue,0.0735,0.7226,0.5805,355.30,0,0.00,-1.00,0.00
3.8320,CubeRed,-0.1090,0.7042,0.5203,323.21,0,0.00,-1.00,0.00
3.8858,CubeBlue,0.0735,0.7226,0.5805,355.30,0,0.00,-1.00,0.00
3.8859,CubeRed,-0.1090,0.7042,0.5203,323.20,0,0.00,-1.00,0.00
3.9939,CubeBlue,0.0735,0.7226,0.5805,355.29,0,0.00,-1.00,0.00
3.9940,CubeRed,-0.1090,0.7042,0.5203,323.21,0,0.00,-1.00,0.00
4.0257,CubeBlue,0.0735,0.7226,0.5805,355.29,0,0.00,-1.00,0.00
4.0263,CubeRed,-0.1090,0.7042,0.5203,323.21,0,0.00,-1.00,0.00
4.0841,CubeBlue,0.0735,0.7226,0.5805,355.29,0,0.00,-1.00,0.00
4.0842,CubeRed,-0.1090,0.7042,0.5203,323.21,0,0.00,-1.00,0.00
4.1935,CubeBlue,0.0735,0.7226,0.5805,355.29,0,0.00,-1.00,0.00
4.1936,CubeRed,-0.1090,0.7042,0.5203,323.21,0,0.00,-1.00,0.00
4.2218,CubeBlue,0.0735,0.7226,0.5805,355.29,0,0.00,-1.00,0.00
4.2219,CubeRed,-0.1090,0.7042,0.5203,323.21,0,0.00,-1.00,0.00
4.2740,CubeBlue,0.0735,0.7226,0.5805,355.29,0,0.00,-1.00,0.00
4.2742,CubeRed,-0.1090,0.7042,0.5203,323.21,0,0.00,-1.00,0.00
4.3861,CubeBlue,0.0735,0.7226,0.5805,355.29,0,0.00,-1.00,0.00
4.3863,CubeRed,-0.1090,0.7042,0.5203,323.21,0,0.00,-1.00,0.00
4.4142,CubeBlue,0.0735,0.7226,0.5805,355.29,0,0.00,-1.00,0.00
4.4146,CubeRed,-0.1090,0.7042,0.5203,323.21,0,0.00,-1.00,0.00
4.4684,CubeBlue,0.0735,0.7226,0.5805,355.29,0,0.00,-1.00,0.00
4.4685,CubeRed,-0.1090,0.7042,0.5203,323.21,0,0.00,-1.00,0.00
4.5818,CubeBlue,0.0735,0.7226,0.5805,355.29,0,0.00,-1.00,0.00
4.5820,CubeRed,-0.1090,0.7042,0.5203,323.22,0,0.00,-1.00,0.00
4.6086,CubeBlue,0.0735,0.7226,0.5805,355.28,0,0.00,-1.00,0.00
4.6094,CubeRed,-0.1090,0.7042,0.5203,323.22,0,0.00,-1.00,0.00
4.6627,CubeBlue,0.0735,0.7226,0.5805,355.09,0,0.00,-1.00,0.00
4.6647,CubeRed,-0.1090,0.7042,0.5203,323.22,0,0.00,-1.00,0.00
4.7750,CubeBlue,0.0735,0.7226,0.5805,355.05,0,0.00,-1.00,0.00
4.7752,CubeRed,-0.1090,0.7042,0.5203,323.22,0,0.00,-1.00,0.00
4.8025,CubeBlue,0.0735,0.7226,0.5805,355.05,0,0.00,-1.00,0.00
4.8027,CubeRed,-0.1090,0.7042,0.5203,323.22,0,0.00,-1.00,0.00
4.8575,CubeBlue,0.0735,0.7226,0.5805,355.05,0,0.00,-1.00,0.00
4.8577,CubeRed,-0.1090,0.7042,0.5203,323.23,0,0.00,-1.00,0.00
4.9658,CubeBlue,0.0756,0.7226,0.5797,355.05,0,0.00,-1.00,0.00
4.9660,CubeRed,-0.1090,0.7042,0.5203,323.23,0,0.00,-1.00,0.00
4.9975,CubeBlue,0.0756,0.7226,0.5797,354.00,0,0.00,-1.00,0.00
4.9976,CubeRed,-0.1090,0.7042,0.5203,323.23,0,0.00,-1.00,0.00
5.0525,CubeBlue,0.0756,0.7226,0.5797,354.47,0,0.00,-1.00,0.00
5.0527,CubeRed,-0.1090,0.7042,0.5203,323.23,0,0.00,-1.00,0.00
5.1597,CubeBlue,0.0756,0.7226,0.5797,354.74,0,0.00,-1.00,0.00
5.1599,CubeRed,-0.1090,0.7042,0.5203,323.23,0,0.00,-1.00,0.00
5.1928,CubeBlue,0.0750,0.7228,0.5796,354.72,0,0.00,-1.00,0.00
5.1933,CubeRed,-0.1090,0.7042,0.5203,323.23,0,0.00,-1.00,0.00
5.2494,CubeBlue,0.0746,0.7226,0.5808,354.44,0,0.00,-1.00,0.00
5.2496,CubeRed,-0.1090,0.7042,0.5203,323.23,0,0.00,-1.00,0.00
5.3578,CubeBlue,0.0743,0.7226,0.5819,354.78,0,0.00,-1.00,0.00
5.3580,CubeRed,-0.1090,0.7042,0.5203,323.23,0,0.00,-1.00,0.00
5.3866,CubeBlue,0.0737,0.7223,0.5823,356.08,0,0.00,-1.00,0.00
5.3868,CubeRed,-0.1090,0.7042,0.5203,323.22,0,0.00,-1.00,0.00
5.4408,CubeBlue,0.0739,0.7218,0.5815,354.83,0,0.00,-1.00,0.00
5.4410,CubeRed,-0.1090,0.7042,0.5203,323.22,0,0.00,-1.00,0.00
5.5494,CubeBlue,0.0739,0.7218,0.5815,356.38,1,0.00,-1.00,0.00
5.5496,CubeRed,-0.1090,0.7042,0.5203,323.22,0,0.00,-1.00,0.00
5.5829,CubeBlue,0.0844,0.7198,0.5939,352.21,1,0.00,-1.00,0.00
5.5831,CubeRed,-0.1090,0.7042,0.5203,323.22,0,0.00,-1.00,0.00
5.6362,CubeBlue,0.0489,0.7620,0.5369,349.09,1,0.00,-1.00,0.00
5.6364,CubeRed,-0.1090,0.7042,0.5203,323.22,0,0.00,-1.00,0.00
5.7470,CubeBlue,0.0098,0.7808,0.4731,345.93,1,0.00,-1.00,0.00
5.7473,CubeRed,-0.1090,0.7042,0.5203,323.22,0,0.00,-1.00,0.00
5.7772,CubeBlue,-0.0209,0.7653,0.4335,345.93,0,0.00,-1.00,0.00
5.7777,CubeRed,-0.1090,0.7042,0.5203,323.23,0,0.00,-1.00,0.00
5.8296,CubeBlue,-0.0209,0.7653,0.4335,344.36,0,0.00,-1.00,0.00
5.8297,CubeRed,-0.1090,0.7042,0.5203,323.22,0,0.00,-1.00,0.00
5.9428,CubeBlue,-0.0257,0.7226,0.4758,341.35,0,0.00,-1.00,0.00
5.9430,CubeRed,-0.1090,0.7042,0.5203,323.67,0,0.00,-1.00,0.00
5.9709,CubeBlue,-0.0257,0.7226,0.4758,338.99,0,0.00,-1.00,0.00
5.9710,CubeRed,-0.1090,0.7042,0.5203,323.67,0,0.00,-1.00,0.00
6.0238,CubeBlue,-0.0257,0.7226,0.4758,338.99,0,0.00,-1.00,0.00
6.0240,CubeRed,-0.1090,0.7042,0.5203,323.67,0,0.00,-1.00,0.00
6.1357,CubeBlue,-0.0675,0.7226,0.4196,337.64,0,0.00,-1.00,0.00
6.1359,CubeRed,-0.1090,0.7042,0.5203,323.67,0,0.00,-1.00,0.00
6.1640,CubeBlue,-0.0675,0.7226,0.4196,337.98,0,0.00,-1.00,0.00
6.1642,CubeRed,-0.1090,0.7042,0.5203,323.67,0,0.00,-1.00,0.00
6.2188,CubeBlue,-0.0675,0.7226,0.4196,337.87,0,0.00,-1.00,0.00
6.2189,CubeRed,-0.1090,0.7042,0.5203,323.67,0,0.00,-1.00,0.00
6.3303,CubeBlue,-0.0675,0.7226,0.4196,338.17,0,0.00,-1.00,0.00
6.3305,CubeRed,-0.1090,0.7042,0.5203,323.67,0,0.00,-1.00,0.00
6.3588,CubeBlue,-0.0675,0.7226,0.4196,338.43,0,0.00,-1.00,0.00
6.3592,CubeRed,-0.1090,0.7042,0.5203,323.67,0,0.00,-1.00,0.00
6.4134,CubeBlue,-0.0675,0.7226,0.4196,338.43,0,0.00,-1.00,0.00
6.4136,CubeRed,-0.1090,0.7042,0.5203,323.67,0,0.00,-1.00,0.00
6.5242,CubeBlue,-0.0675,0.7226,0.4196,338.25,0,0.00,-1.00,0.00
6.5245,CubeRed,-0.1090,0.7042,0.5203,323.67,0,0.00,-1.00,0.00
6.5532,CubeBlue,-0.0675,0.7226,0.4196,338.10,0,0.00,-1.00,0.00
6.5533,CubeRed,-0.1090,0.7042,0.5203,323.67,0,0.00,-1.00,0.00
6.6071,CubeBlue,-0.0675,0.7226,0.4196,338.09,0,0.00,-1.00,0.00
6.6073,CubeRed,-0.1090,0.7042,0.5203,323.67,0,0.00,-1.00,0.00
6.7190,CubeBlue,-0.0701,0.7226,0.3959,337.24,0,0.00,-1.00,0.00
6.7192,CubeRed,-0.1090,0.7042,0.5203,323.67,0,0.00,-1.00,0.00
6.7477,CubeBlue,-0.0701,0.7226,0.3959,337.24,0,0.00,-1.00,0.00
6.7478,CubeRed,-0.1090,0.7042,0.5203,323.67,0,0.00,-1.00,0.00
6.8037,CubeBlue,-0.0701,0.7226,0.3959,337.24,0,0.00,-1.00,0.00
6.8038,CubeRed,-0.1090,0.7042,0.5203,323.67,0,0.00,-1.00,0.00
6.9141,CubeBlue,-0.0701,0.7226,0.3959,337.24,0,0.00,-1.00,0.00
6.9144,CubeRed,-0.1090,0.7042,0.5203,323.67,0,0.00,-1.00,0.00
6.9430,CubeBlue,-0.0701,0.7226,0.3959,337.24,0,0.00,-1.00,0.00
6.9435,CubeRed,-0.1090,0.7042,0.5203,323.66,0,0.00,-1.00,0.00
6.9963,CubeBlue,-0.0701,0.7226,0.3959,337.24,0,0.00,-1.00,0.00
6.9964,CubeRed,-0.1090,0.7042,0.5203,323.67,0,0.00,-1.00,0.00
7.1088,CubeBlue,-0.0701,0.7226,0.3959,337.24,0,0.00,-1.00,0.00
7.1090,CubeRed,-0.1090,0.7042,0.5203,323.66,0,0.00,-1.00,0.00
7.1366,CubeBlue,-0.0701,0.7226,0.3959,337.24,0,0.00,-1.00,0.00
7.1368,CubeRed,-0.1090,0.7042,0.5203,323.67,0,0.00,-1.00,0.00
7.1902,CubeBlue,-0.0701,0.7226,0.3959,337.24,0,0.00,-1.00,0.00
7.1904,CubeRed,-0.1090,0.7042,0.5203,323.67,0,0.00,-1.00,0.00
7.3023,CubeBlue,-0.0701,0.7226,0.3959,337.24,0,0.00,-1.00,0.00
7.3026,CubeRed,-0.1090,0.7042,0.5203,323.67,0,0.00,-1.00,0.00
7.3302,CubeBlue,-0.0701,0.7226,0.3959,337.24,0,0.00,-1.00,0.00
7.3304,CubeRed,-0.1090,0.7042,0.5203,323.67,0,0.00,-1.00,0.00
7.3880,CubeBlue,-0.0701,0.7226,0.3959,337.24,0,0.00,-1.00,0.00
7.3882,CubeRed,-0.1090,0.7042,0.5203,323.67,0,0.00,-1.00,0.00
7.4997,CubeBlue,-0.0701,0.7226,0.3959,337.24,0,0.00,-1.00,0.00
7.4999,CubeRed,-0.1090,0.7042,0.5203,323.67,0,0.00,-1.00,0.00
7.5416,CubeBlue,-0.0701,0.7226,0.3959,337.24,0,0.00,-1.00,0.00
7.5422,CubeRed,-0.1090,0.7042,0.5203,323.67,0,0.00,-1.00,0.00
7.5936,CubeBlue,-0.0701,0.7226,0.3959,337.24,0,0.00,-1.00,0.00
7.5937,CubeRed,-0.1090,0.7042,0.5203,323.67,0,0.00,-1.00,0.00
7.7051,CubeBlue,-0.0701,0.7226,0.3959,337.24,0,0.00,-1.00,0.00
7.7053,CubeRed,-0.1090,0.7042,0.5203,323.67,0,0.00,-1.00,0.00
7.7341,CubeBlue,-0.0701,0.7226,0.3959,337.24,0,0.00,-1.00,0.00
7.7344,CubeRed,-0.1090,0.7042,0.5203,323.67,0,0.00,-1.00,0.00
7.7881,CubeBlue,-0.0701,0.7226,0.3959,337.24,0,0.00,-1.00,0.00
7.7884,CubeRed,-0.1090,0.7042,0.5203,323.67,0,0.00,-1.00,0.00
7.9010,CubeBlue,-0.0701,0.7226,0.3959,337.24,0,0.00,-1.00,0.00
7.9012,CubeRed,-0.1090,0.7042,0.5203,323.67,0,0.00,-1.00,0.00
7.9274,CubeBlue,-0.0701,0.7226,0.3959,337.24,0,0.00,-1.00,0.00
7.9276,CubeRed,-0.1090,0.7042,0.5203,323.66,0,0.00,-1.00,0.00
7.9818,CubeBlue,-0.0701,0.7226,0.3959,337.24,0,0.00,-1.00,0.00
7.9841,CubeRed,-0.1090,0.7042,0.5203,323.66,0,0.00,-1.00,0.00
8.0936,CubeBlue,-0.0698,0.7226,0.3919,337.23,0,0.00,-1.00,0.00
8.0939,CubeRed,-0.1090,0.7042,0.5203,323.66,0,0.00,-1.00,0.00
8.1229,CubeBlue,-0.0698,0.7226,0.3919,324.08,0,0.00,-1.00,0.00
8.1234,CubeRed,-0.1090,0.7042,0.5203,323.66,0,0.00,-1.00,0.00
8.1770,CubeBlue,-0.0698,0.7226,0.3919,324.08,0,0.00,-1.00,0.00
8.1771,CubeRed,-0.1090,0.7042,0.5203,323.66,0,0.00,-1.00,0.00
8.2891,CubeBlue,-0.0732,0.7102,0.3933,323.72,0,0.00,-1.00,0.00
8.2892,CubeRed,-0.1090,0.7042,0.5203,323.66,0,0.00,-1.00,0.00
8.3168,CubeBlue,-0.0693,0.7121,0.3954,332.54,0,0.00,-1.00,0.00
8.3170,CubeRed,-0.1090,0.7042,0.5203,323.66,0,0.00,-1.00,0.00
8.3711,CubeBlue,-0.0679,0.7156,0.3942,333.44,0,0.00,-1.00,0.00
8.3713,CubeRed,-0.1090,0.7042,0.5203,323.66,0,0.00,-1.00,0.00
8.4831,CubeBlue,-0.0689,0.7157,0.3960,334.75,0,0.00,-1.00,0.00
8.4834,CubeRed,-0.1090,0.7042,0.5203,323.66,0,0.00,-1.00,0.00
8.5111,CubeBlue,-0.0685,0.7163,0.3955,336.59,0,0.00,-1.00,0.00
8.5113,CubeRed,-0.1090,0.7042,0.5203,323.66,0,0.00,-1.00,0.00
8.5677,CubeBlue,-0.0680,0.7163,0.3953,336.59,0,0.00,-1.00,0.00
8.5679,CubeRed,-0.1090,0.7042,0.5203,323.66,0,0.00,-1.00,0.00
8.6775,CubeBlue,-0.0701,0.7120,0.3976,336.94,0,0.00,-1.00,0.00
8.6778,CubeRed,-0.1090,0.7042,0.5203,318.41,0,0.00,-1.00,0.00
8.7069,CubeBlue,-0.0682,0.7109,0.3968,338.27,0,0.00,-1.00,0.00
8.7074,CubeRed,-0.1090,0.7042,0.5203,318.41,0,0.00,-1.00,0.00
8.7605,CubeBlue,-0.0681,0.7157,0.3986,339.60,0,0.00,-1.00,0.00
8.7607,CubeRed,-0.1090,0.7042,0.5203,318.41,0,0.00,-1.00,0.00
8.8718,CubeBlue,-0.0749,0.7238,0.4104,339.17,0,0.00,-1.00,0.00
8.8720,CubeRed,-0.1090,0.7042,0.5203,318.41,0,0.00,-1.00,0.00
8.9005,CubeBlue,-0.0860,0.7457,0.4275,339.87,0,0.00,-1.00,0.00
8.9007,CubeRed,-0.1090,0.7042,0.5203,318.41,0,0.00,-1.00,0.00
8.9553,CubeBlue,-0.1007,0.7546,0.4458,340.31,0,0.00,-1.00,0.00
8.9555,CubeRed,-0.1090,0.7042,0.5203,318.41,0,0.00,-1.00,0.00
9.0665,CubeBlue,-0.1252,0.7428,0.4980,340.15,0,0.00,-1.00,0.00
9.0668,CubeRed,-0.1090,0.7042,0.5203,318.41,0,0.00,-1.00,0.00
9.0960,CubeBlue,-0.1370,0.7296,0.5333,342.69,0,0.00,-1.00,0.00
9.0962,CubeRed,-0.1090,0.7042,0.5203,318.40,0,0.00,-1.00,0.00
9.1509,CubeBlue,-0.1396,0.7291,0.5368,342.69,0,0.00,-1.00,0.00
9.1511,CubeRed,-0.1090,0.7042,0.5203,318.40,0,0.00,-1.00,0.00
9.2614,CubeBlue,-0.1429,0.7173,0.5592,343.91,0,0.00,-1.00,0.00
9.2616,CubeRed,-0.1090,0.7042,0.5203,318.40,0,0.00,-1.00,0.00
9.2901,CubeBlue,-0.1436,0.7112,0.5627,346.51,0,0.00,-1.00,0.00
9.2906,CubeRed,-0.1090,0.7042,0.5203,318.40,0,0.00,-1.00,0.00
9.3440,CubeBlue,-0.1444,0.7050,0.5705,346.62,0,0.00,-1.00,0.00
9.3441,CubeRed,-0.1090,0.7042,0.5203,318.40,0,0.00,-1.00,0.00
9.4574,CubeBlue,-0.1438,0.6981,0.5825,347.34,0,0.00,-1.00,0.00
9.4576,CubeRed,-0.1090,0.7042,0.5203,318.44,0,0.00,-1.00,0.00
9.4837,CubeBlue,-0.1419,0.6974,0.5844,348.28,0,0.00,-1.00,0.00
9.4839,CubeRed,-0.1090,0.7042,0.5203,321.87,0,0.00,-1.00,0.00
9.5382,CubeBlue,-0.1416,0.6998,0.5815,348.28,0,0.00,-1.00,0.00
9.5383,CubeRed,-0.1090,0.7042,0.5203,321.86,0,0.00,-1.00,0.00
9.6472,CubeBlue,-0.1415,0.7057,0.5761,348.26,0,0.00,-1.00,0.00
9.6474,CubeRed,-0.1090,0.7042,0.5203,321.86,0,0.00,-1.00,0.00
9.6777,CubeBlue,-0.1408,0.7065,0.5755,347.68,0,0.00,-1.00,0.00
9.6779,CubeRed,-0.1090,0.7042,0.5203,321.86,0,0.00,-1.00,0.00
9.7338,CubeBlue,-0.1416,0.7041,0.5764,347.50,0,0.00,-1.00,0.00
9.7339,CubeRed,-0.1090,0.7042,0.5203,321.86,0,0.00,-1.00,0.00
9.8442,CubeBlue,-0.1430,0.7026,0.5772,347.69,0,0.00,-1.00,0.00
9.8444,CubeRed,-0.1090,0.7042,0.5203,321.87,0,0.00,-1.00,0.00
9.8727,CubeBlue,-0.1439,0.6992,0.5776,346.39,0,0.00,-1.00,0.00
9.8734,CubeRed,-0.1090,0.7042,0.5203,321.86,0,0.00,-1.00,0.00
9.9271,CubeBlue,-0.1444,0.6999,0.5773,346.39,0,0.00,-1.00,0.00
9.9272,CubeRed,-0.1090,0.7042,0.5203,321.87,0,0.00,-1.00,0.00
10.0382,CubeBlue,-0.1446,0.7030,0.5780,345.54,0,0.00,-1.00,0.00
10.0384,CubeRed,-0.1090,0.7042,0.5203,321.87,0,0.00,-1.00,0.00
10.0687,CubeBlue,-0.1457,0.7035,0.5775,344.52,0,0.00,-1.00,0.00
10.0689,CubeRed,-0.1090,0.7042,0.5203,321.86,0,0.00,-1.00,0.00
10.1219,CubeBlue,-0.1422,0.7023,0.5768,344.52,0,0.00,-1.00,0.00
10.1221,CubeRed,-0.1090,0.7042,0.5203,321.86,0,0.00,-1.00,0.00
10.2325,CubeBlue,-0.1439,0.7063,0.5805,344.52,0,0.00,-1.00,0.00
10.2327,CubeRed,-0.1090,0.7042,0.5203,321.86,0,0.00,-1.00,0.00
10.2619,CubeBlue,-0.1439,0.7063,0.5805,344.52,0,0.00,-1.00,0.00
10.2621,CubeRed,-0.1090,0.7042,0.5203,321.87,0,0.00,-1.00,0.00
10.3160,CubeBlue,-0.1439,0.7063,0.5805,344.52,0,0.00,-1.00,0.00
10.3161,CubeRed,-0.1090,0.7042,0.5203,321.62,0,0.00,-1.00,0.00
10.4288,CubeBlue,-0.1439,0.7063,0.5805,344.52,0,0.00,-1.00,0.00
10.4289,CubeRed,-0.1090,0.7042,0.5203,317.02,0,0.00,-1.00,0.00
10.4580,CubeBlue,-0.1439,0.7063,0.5805,344.51,0,0.00,-1.00,0.00
10.4585,CubeRed,-0.1174,0.7103,0.5276,303.33,0,0.00,-1.00,0.00
10.5104,CubeBlue,-0.1439,0.7063,0.5805,344.51,0,0.00,-1.00,0.00
10.5105,CubeRed,-0.1259,0.7134,0.5378,303.35,0,0.00,-1.00,0.00
10.6236,CubeBlue,-0.1439,0.7063,0.5805,344.51,0,0.00,-1.00,0.00
10.6238,CubeRed,-0.1360,0.7180,0.5497,303.34,0,0.00,-1.00,0.00
10.6509,CubeBlue,-0.1439,0.7063,0.5805,344.52,0,0.00,-1.00,0.00
10.6510,CubeRed,-0.1409,0.7178,0.5524,303.36,0,0.00,-1.00,0.00
10.7045,CubeBlue,-0.1439,0.7063,0.5805,344.95,0,0.00,-1.00,0.00
10.7046,CubeRed,-0.1397,0.7193,0.5511,303.34,0,0.00,-1.00,0.00
10.8170,CubeBlue,-0.1571,0.7226,0.5859,346.30,0,0.00,-1.00,0.00
10.8173,CubeRed,-0.1377,0.7190,0.5489,303.35,0,0.00,-1.00,0.00
10.8447,CubeBlue,-0.1571,0.7226,0.5859,348.46,1,0.00,-1.00,0.00
10.8448,CubeRed,-0.1381,0.7181,0.5469,303.36,0,0.00,-1.00,0.00
10.9024,CubeBlue,-0.1561,0.7209,0.5865,348.78,1,0.00,-1.00,0.00
10.9026,CubeRed,-0.1375,0.7172,0.5473,303.37,0,0.00,-1.00,0.00
11.0108,CubeBlue,-0.1564,0.7211,0.5867,349.43,1,0.00,-1.00,0.00
11.0111,CubeRed,-0.1366,0.7162,0.5482,303.37,0,0.00,-1.00,0.00
11.0393,CubeBlue,-0.1569,0.7226,0.5874,348.77,1,0.00,-1.00,0.00
11.0399,CubeRed,-0.1372,0.7154,0.5482,303.39,0,0.00,-1.00,0.00
11.0937,CubeBlue,-0.1559,0.7625,0.5776,349.11,1,0.00,-1.00,0.00
11.0939,CubeRed,-0.1329,0.7250,0.5432,303.39,0,0.00,-1.00,0.00
11.2045,CubeBlue,-0.1355,0.7871,0.5646,349.58,1,0.00,-1.00,0.00
11.2048,CubeRed,-0.1114,0.7633,0.5248,303.39,0,0.00,-1.00,0.00
11.2331,CubeBlue,-0.1037,0.8144,0.5335,349.58,0,0.00,-1.00,0.00
11.2333,CubeRed,-0.0785,0.7945,0.4933,303.40,0,0.00,-1.00,0.00
11.2878,CubeBlue,-0.1037,0.8144,0.5335,349.58,0,0.00,-1.00,0.00
11.2880,CubeRed,-0.1027,0.7229,0.5147,303.39,0,0.00,-1.00,0.00
11.3991,CubeBlue,-0.0932,0.7226,0.6140,352.74,0,0.00,-1.00,0.00
11.3992,CubeRed,-0.1128,0.7226,0.5321,303.40,0,0.00,-1.00,0.00
11.4289,CubeBlue,-0.0932,0.7226,0.6140,355.84,0,0.00,-1.00,0.00
11.4291,CubeRed,-0.1128,0.7226,0.5321,303.39,0,0.00,-1.00,0.00
11.4826,CubeBlue,-0.0932,0.7226,0.6140,356.57,0,0.00,-1.00,0.00
11.4861,CubeRed,-0.1128,0.7226,0.5321,303.39,0,0.00,-1.00,0.00
11.5954,CubeBlue,-0.0129,0.7226,0.5377,358.25,0,0.00,-1.00,0.00
11.5956,CubeRed,-0.1128,0.7226,0.5321,303.39,0,0.00,-1.00,0.00
11.6277,CubeBlue,-0.0129,0.7226,0.5377,358.99,0,0.00,-1.00,0.00
11.6281,CubeRed,-0.1128,0.7226,0.5321,303.39,0,0.00,-1.00,0.00
11.6768,CubeBlue,-0.0129,0.7226,0.5377,359.20,0,0.00,-1.00,0.00
11.6769,CubeRed,-0.1128,0.7226,0.5321,303.39,0,0.00,-1.00,0.00
11.7928,CubeBlue,0.0050,0.7226,0.5092,359.46,0,0.00,-1.00,0.00
11.7929,CubeRed,-0.1128,0.7226,0.5321,303.39,0,0.00,-1.00,0.00
11.8195,CubeBlue,0.0050,0.7226,0.5092,359.66,0,0.00,-1.00,0.00
11.8197,CubeRed,-0.1128,0.7226,0.5321,303.39,0,0.00,-1.00,0.00
11.8709,CubeBlue,0.0050,0.7226,0.5092,359.66,0,0.00,-1.00,0.00
11.8710,CubeRed,-0.1128,0.7226,0.5321,303.39,0,0.00,-1.00,0.00
11.9878,CubeBlue,0.0050,0.7226,0.5092,0.19,0,0.00,-1.00,0.00
11.9880,CubeRed,-0.1128,0.7226,0.5321,303.39,0,0.00,-1.00,0.00
12.0121,CubeBlue,0.0050,0.7226,0.5092,1.28,0,0.00,-1.00,0.00
12.0123,CubeRed,-0.1128,0.7226,0.5321,303.39,0,0.00,-1.00,0.00
12.0669,CubeBlue,0.0050,0.7226,0.5092,1.74,0,0.00,-1.00,0.00
12.0670,CubeRed,-0.1128,0.7226,0.5321,303.39,0,0.00,-1.00,0.00
12.1789,CubeBlue,0.0050,0.7226,0.5092,2.62,0,0.00,-1.00,0.00
12.1791,CubeRed,-0.1128,0.7226,0.5321,315.76,0,0.00,-1.00,0.00
12.2056,CubeBlue,0.0050,0.7226,0.5092,2.61,0,0.00,-1.00,0.00
12.2060,CubeRed,-0.1128,0.7226,0.5321,330.25,0,0.00,-1.00,0.00
12.2598,CubeBlue,0.0050,0.7226,0.5092,2.60,0,0.00,-1.00,0.00
12.2599,CubeRed,-0.1128,0.7226,0.5321,330.53,0,0.00,-1.00,0.00
12.3740,CubeBlue,0.0032,0.7226,0.4792,2.60,0,0.00,-1.00,0.00
12.3742,CubeRed,-0.1128,0.7226,0.5321,331.10,0,0.00,-1.00,0.00
12.3998,CubeBlue,0.0032,0.7226,0.4792,2.60,0,0.00,-1.00,0.00
12.4000,CubeRed,-0.1128,0.7226,0.5321,331.76,0,0.00,-1.00,0.00
12.4544,CubeBlue,0.0032,0.7226,0.4792,2.60,0,0.00,-1.00,0.00
12.4545,CubeRed,-0.1128,0.7226,0.5321,331.81,0,0.00,-1.00,0.00
12.5660,CubeBlue,0.0032,0.7226,0.4792,351.59,0,0.00,-1.00,0.00
12.5662,CubeRed,-0.1128,0.7226,0.5321,331.81,0,0.00,-1.00,0.00
12.5937,CubeBlue,0.0032,0.7226,0.4792,351.59,0,0.00,-1.00,0.00
12.5939,CubeRed,-0.1128,0.7226,0.5321,331.81,0,0.00,-1.00,0.00
12.6485,CubeBlue,0.0032,0.7226,0.4792,351.59,0,0.00,-1.00,0.00
12.6486,CubeRed,-0.1128,0.7226,0.5321,331.80,0,0.00,-1.00,0.00
12.7620,CubeBlue,0.0032,0.7226,0.4792,351.59,0,0.00,-1.00,0.00
12.7622,CubeRed,-0.1128,0.7226,0.5321,331.81,0,0.00,-1.00,0.00
12.7904,CubeBlue,0.0032,0.7226,0.4792,351.59,0,0.00,-1.00,0.00
12.7911,CubeRed,-0.1128,0.7226,0.5321,331.81,0,0.00,-1.00,0.00
12.8431,CubeBlue,0.0032,0.7226,0.4792,351.59,0,0.00,-1.00,0.00
12.8432,CubeRed,-0.1128,0.7226,0.5321,331.81,0,0.00,-1.00,0.00
12.9573,CubeBlue,0.0032,0.7226,0.4792,351.59,0,0.00,-1.00,0.00
12.9575,CubeRed,-0.1128,0.7226,0.5321,331.81,0,0.00,-1.00,0.00
12.9852,CubeBlue,0.0032,0.7226,0.4792,351.58,0,0.00,-1.00,0.00
12.9854,CubeRed,-0.1128,0.7226,0.5321,331.81,0,0.00,-1.00,0.00
13.0380,CubeBlue,0.0032,0.7226,0.4792,351.59,0,0.00,-1.00,0.00
13.0381,CubeRed,-0.1128,0.7226,0.5321,331.82,0,0.00,-1.00,0.00
13.1552,CubeBlue,0.0032,0.7226,0.4792,351.59,0,0.00,-1.00,0.00
13.1554,CubeRed,-0.1128,0.7226,0.5321,331.82,0,0.00,-1.00,0.00
13.1800,CubeBlue,0.0032,0.7226,0.4792,351.58,0,0.00,-1.00,0.00
13.1802,CubeRed,-0.1128,0.7226,0.5321,331.82,0,0.00,-1.00,0.00
13.2316,CubeBlue,0.0032,0.7226,0.4792,351.58,0,0.00,-1.00,0.00
13.2318,CubeRed,-0.1128,0.7226,0.5321,331.82,0,0.00,-1.00,0.00
13.3496,CubeBlue,0.0154,0.7226,0.5161,351.58,0,0.00,-1.00,0.00
13.3498,CubeRed,-0.1128,0.7226,0.5321,331.82,0,0.00,-1.00,0.00
13.3742,CubeBlue,0.0154,0.7226,0.5161,351.58,0,0.00,-1.00,0.00
13.3746,CubeRed,-0.1128,0.7226,0.5321,331.82,0,0.00,-1.00,0.00
13.4261,CubeBlue,0.0154,0.7226,0.5161,351.58,0,0.00,-1.00,0.00
13.4263,CubeRed,-0.1128,0.7226,0.5321,331.82,0,0.00,-1.00,0.00
13.5401,CubeBlue,0.0154,0.7226,0.5161,351.58,0,0.00,-1.00,0.00
13.5403,CubeRed,-0.1128,0.7226,0.5321,331.82,0,0.00,-1.00,0.00
13.5667,CubeBlue,0.0154,0.7226,0.5161,351.58,0,0.00,-1.00,0.00
13.5669,CubeRed,-0.1128,0.7226,0.5321,331.82,0,0.00,-1.00,0.00
13.6233,CubeBlue,0.0154,0.7226,0.5161,351.58,0,0.00,-1.00,0.00
13.6234,CubeRed,-0.1128,0.7226,0.5321,331.82,0,0.00,-1.00,0.00
13.7342,CubeBlue,0.0010,0.7226,0.4753,351.58,0,0.00,-1.00,0.00
13.7344,CubeRed,-0.1128,0.7226,0.5321,331.41,0,0.00,-1.00,0.00
13.7606,CubeBlue,0.0010,0.7226,0.4753,351.58,0,0.00,-1.00,0.00
13.7607,CubeRed,-0.1128,0.7226,0.5321,326.23,0,0.00,-1.00,0.00
13.8159,CubeBlue,0.0010,0.7226,0.4753,351.58,0,0.00,-1.00,0.00
13.8161,CubeRed,-0.1128,0.7226,0.5321,326.32,0,0.00,-1.00,0.00
13.9269,CubeBlue,0.0011,0.7226,0.4758,351.58,0,0.00,-1.00,0.00
13.9271,CubeRed,-0.1128,0.7226,0.5321,329.23,0,0.00,-1.00,0.00
13.9553,CubeBlue,0.0011,0.7226,0.4758,351.58,0,0.00,-1.00,0.00
13.9558,CubeRed,-0.1128,0.7226,0.5321,332.05,0,0.00,-1.00,0.00
14.0103,CubeBlue,0.0011,0.7226,0.4758,351.58,0,0.00,-1.00,0.00
14.0106,CubeRed,-0.1128,0.7226,0.5321,332.05,0,0.00,-1.00,0.00
14.1223,CubeBlue,0.0020,0.7226,0.4760,351.58,0,0.00,-1.00,0.00
14.1225,CubeRed,-0.1128,0.7226,0.5321,332.80,0,0.00,-1.00,0.00
14.1503,CubeBlue,0.0020,0.7226,0.4760,351.58,0,0.00,-1.00,0.00
14.1505,CubeRed,-0.1128,0.7226,0.5321,344.09,0,0.00,-1.00,0.00
14.2049,CubeBlue,0.0020,0.7226,0.4760,351.58,0,0.00,-1.00,0.00
14.2069,CubeRed,-0.1128,0.7226,0.5321,344.73,0,0.00,-1.00,0.00
14.3172,CubeBlue,0.0006,0.7226,0.4739,351.58,0,0.00,-1.00,0.00
14.3174,CubeRed,-0.1128,0.7226,0.5321,346.53,0,0.00,-1.00,0.00
14.3452,CubeBlue,0.0006,0.7226,0.4739,351.58,0,0.00,-1.00,0.00
14.3456,CubeRed,-0.1128,0.7226,0.5321,347.25,0,0.00,-1.00,0.00
14.3997,CubeBlue,0.0006,0.7226,0.4739,351.58,0,0.00,-1.00,0.00
14.3998,CubeRed,-0.1128,0.7226,0.5321,346.97,0,0.00,-1.00,0.00
14.5128,CubeBlue,0.0006,0.7226,0.4739,351.58,0,0.00,-1.00,0.00
14.5129,CubeRed,-0.1128,0.7226,0.5321,346.70,0,0.00,-1.00,0.00
14.5407,CubeBlue,0.0006,0.7226,0.4739,351.58,0,0.00,-1.00,0.00
14.5411,CubeRed,-0.1128,0.7226,0.5321,348.61,0,0.00,-1.00,0.00
14.5934,CubeBlue,0.0006,0.7226,0.4739,351.58,0,0.00,-1.00,0.00
14.5935,CubeRed,-0.1128,0.7226,0.5321,349.82,0,0.00,-1.00,0.00
14.7059,CubeBlue,0.0006,0.7226,0.4739,351.58,0,0.00,-1.00,0.00
14.7062,CubeRed,-0.0603,0.7226,0.4981,352.86,0,0.00,-1.00,0.00
14.7335,CubeBlue,0.0006,0.7226,0.4739,351.58,0,0.00,-1.00,0.00
14.7337,CubeRed,-0.0603,0.7226,0.4981,3.75,0,0.00,-1.00,0.00
14.7898,CubeBlue,0.0006,0.7226,0.4739,351.58,0,0.00,-1.00,0.00
14.7900,CubeRed,-0.0603,0.7226,0.4981,5.83,0,0.00,-1.00,0.00
14.9017,CubeBlue,0.0006,0.7226,0.4739,351.58,0,0.00,-1.00,0.00
14.9019,CubeRed,0.0816,0.7226,0.4359,6.37,0,0.00,-1.00,0.00
14.9277,CubeBlue,0.0006,0.7226,0.4739,351.59,0,0.00,-1.00,0.00
14.9279,CubeRed,0.0816,0.7226,0.4359,16.23,0,0.00,-1.00,0.00
14.9818,CubeBlue,0.0006,0.7226,0.4739,351.59,0,0.00,-1.00,0.00
14.9819,CubeRed,0.0816,0.7226,0.4359,17.50,0,0.00,-1.00,0.00
15.0950,CubeBlue,0.0006,0.7226,0.4739,351.59,0,0.00,-1.00,0.00
15.0952,CubeRed,0.1627,0.7226,0.3969,20.01,0,0.00,-1.00,0.00
15.1269,CubeBlue,0.0006,0.7226,0.4739,351.59,0,0.00,-1.00,0.00
15.1274,CubeRed,0.1627,0.7226,0.3969,19.40,0,0.00,-1.00,0.00
15.1768,CubeBlue,0.0006,0.7226,0.4739,351.59,0,0.00,-1.00,0.00
15.1769,CubeRed,0.1627,0.7226,0.3969,19.26,0,0.00,-1.00,0.00
15.2927,CubeBlue,0.0006,0.7226,0.4739,351.59,0,0.00,-1.00,0.00
15.2928,CubeRed,0.1627,0.7226,0.3969,19.01,0,0.00,-1.00,0.00
15.3168,CubeBlue,0.0006,0.7226,0.4739,351.59,0,0.00,-1.00,0.00
15.3170,CubeRed,0.1627,0.7226,0.3969,18.53,0,0.00,-1.00,0.00
15.3706,CubeBlue,0.0006,0.7226,0.4739,351.59,0,0.00,-1.00,0.00
15.3707,CubeRed,0.1627,0.7226,0.3969,18.53,0,0.00,-1.00,0.00
15.4860,CubeBlue,0.0006,0.7226,0.4739,347.35,0,0.00,-1.00,0.00
15.4863,CubeRed,0.1627,0.7226,0.3969,18.32,0,0.00,-1.00,0.00
15.5117,CubeBlue,0.0006,0.7226,0.4739,342.62,0,0.00,-1.00,0.00
15.5118,CubeRed,0.1627,0.7226,0.3969,18.35,0,0.00,-1.00,0.00
15.5644,CubeBlue,0.0006,0.7226,0.4739,342.57,0,0.00,-1.00,0.00
15.5646,CubeRed,0.1627,0.7226,0.3969,18.35,0,0.00,-1.00,0.00
15.6782,CubeBlue,0.0006,0.7226,0.4739,342.47,0,0.00,-1.00,0.00
15.6784,CubeRed,0.1627,0.7226,0.3969,18.44,0,0.00,-1.00,0.00
15.7072,CubeBlue,0.0006,0.7226,0.4739,342.32,0,0.00,-1.00,0.00
15.7076,CubeRed,0.1627,0.7226,0.3969,18.63,0,0.00,-1.00,0.00
15.7601,CubeBlue,0.0006,0.7226,0.4739,342.32,0,0.00,-1.00,0.00
15.7602,CubeRed,0.1627,0.7226,0.3969,18.99,0,0.00,-1.00,0.00
15.8717,CubeBlue,0.0006,0.7226,0.4739,342.32,0,0.00,-1.00,0.00
15.8718,CubeRed,0.1635,0.7226,0.3753,19.17,0,0.00,-1.00,0.00
15.9003,CubeBlue,0.0006,0.7226,0.4739,342.32,0,0.00,-1.00,0.00
15.9004,CubeRed,0.1635,0.7226,0.3753,19.16,0,0.00,-1.00,0.00
15.9544,CubeBlue,0.0006,0.7226,0.4739,342.32,0,0.00,-1.00,0.00
15.9565,CubeRed,0.1610,0.7232,0.3677,19.16,0,0.00,-1.00,0.00
16.0680,CubeBlue,0.0006,0.7226,0.4739,342.31,0,0.00,-1.00,0.00
16.0681,CubeRed,0.1635,0.7226,0.3753,4.15,0,0.00,-1.00,0.00
16.0951,CubeBlue,0.0006,0.7226,0.4739,342.31,0,0.00,-1.00,0.00
16.0953,CubeRed,0.1635,0.7226,0.3753,4.16,0,0.00,-1.00,0.00
16.1494,CubeBlue,0.0006,0.7226,0.4739,342.31,0,0.00,-1.00,0.00
16.1495,CubeRed,0.1635,0.7226,0.3753,4.15,0,0.00,-1.00,0.00
16.2615,CubeBlue,0.0006,0.7226,0.4739,342.31,0,0.00,-1.00,0.00
16.2618,CubeRed,0.1635,0.7226,0.3753,4.16,0,0.00,-1.00,0.00
16.2900,CubeBlue,0.0006,0.7226,0.4739,342.31,0,0.00,-1.00,0.00
16.2904,CubeRed,0.1635,0.7226,0.3753,4.16,0,0.00,-1.00,0.00
16.3434,CubeBlue,0.0006,0.7226,0.4739,342.31,0,0.00,-1.00,0.00
16.3435,CubeRed,0.1635,0.7226,0.3753,4.16,0,0.00,-1.00,0.00
16.4569,CubeBlue,0.0006,0.7226,0.4739,342.31,0,0.00,-1.00,0.00
16.4570,CubeRed,0.1635,0.7226,0.3753,4.17,0,0.00,-1.00,0.00
16.4835,CubeBlue,0.0006,0.7226,0.4739,342.30,0,0.00,-1.00,0.00
16.4838,CubeRed,0.1635,0.7226,0.3753,4.17,0,0.00,-1.00,0.00
16.5379,CubeBlue,0.0006,0.7226,0.4739,342.30,0,0.00,-1.00,0.00
16.5381,CubeRed,0.1635,0.7226,0.3753,4.17,0,0.00,-1.00,0.00
16.6494,CubeBlue,0.0006,0.7226,0.4739,342.30,0,0.00,-1.00,0.00
16.6496,CubeRed,0.1635,0.7226,0.3753,4.17,0,0.00,-1.00,0.00
16.6773,CubeBlue,0.0006,0.7226,0.4739,342.31,0,0.00,-1.00,0.00
16.6774,CubeRed,0.1635,0.7226,0.3753,7.48,0,0.00,-1.00,0.00
16.7324,CubeBlue,0.0006,0.7226,0.4739,342.31,0,0.00,-1.00,0.00
16.7325,CubeRed,0.1635,0.7226,0.3753,7.48,0,0.00,-1.00,0.00
16.8434,CubeBlue,0.0006,0.7226,0.4739,342.31,0,0.00,-1.00,0.00
16.8437,CubeRed,0.1635,0.7226,0.3753,9.21,0,0.00,-1.00,0.00
16.8726,CubeBlue,0.0006,0.7226,0.4739,342.31,0,0.00,-1.00,0.00
16.8731,CubeRed,0.1635,0.7226,0.3753,9.73,0,0.00,-1.00,0.00
16.9267,CubeBlue,0.0006,0.7226,0.4739,342.31,0,0.00,-1.00,0.00
16.9269,CubeRed,0.1635,0.7226,0.3753,9.48,0,0.00,-1.00,0.00
17.0400,CubeBlue,0.0006,0.7226,0.4739,342.31,0,0.00,-1.00,0.00
17.0402,CubeRed,0.1635,0.7226,0.3753,10.09,0,0.00,-1.00,0.00
17.0671,CubeBlue,0.0006,0.7226,0.4739,342.31,0,0.00,-1.00,0.00
17.0672,CubeRed,0.1635,0.7226,0.3753,10.74,0,0.00,-1.00,0.00
17.1207,CubeBlue,0.0006,0.7226,0.4739,342.31,0,0.00,-1.00,0.00
17.1209,CubeRed,0.1635,0.7226,0.3753,11.10,0,0.00,-1.00,0.00
17.2323,CubeBlue,0.0006,0.7226,0.4739,342.31,0,0.00,-1.00,0.00
17.2324,CubeRed,0.1901,0.7226,0.4081,12.57,0,0.00,-1.00,0.00
17.2619,CubeBlue,0.0006,0.7226,0.4739,342.31,0,0.00,-1.00,0.00
17.2621,CubeRed,0.1901,0.7226,0.4081,17.43,1,0.00,-1.00,0.00
17.3166,CubeBlue,0.0006,0.7226,0.4739,342.31,0,0.00,-1.00,0.00
17.3168,CubeRed,0.2136,0.7258,0.4409,18.52,1,0.00,-1.00,0.00
17.4285,CubeBlue,0.0006,0.7226,0.4739,342.30,0,0.00,-1.00,0.00
17.4288,CubeRed,0.2233,0.7261,0.4536,19.38,1,0.00,-1.00,0.00
17.4571,CubeBlue,0.0006,0.7226,0.4739,342.30,0,0.00,-1.00,0.00
17.4577,CubeRed,0.2312,0.7288,0.4702,19.38,0,0.00,-1.00,0.00
17.5106,CubeBlue,0.0006,0.7226,0.4739,342.30,0,0.00,-1.00,0.00
17.5107,CubeRed,0.2312,0.7288,0.4702,19.38,0,0.00,-1.00,0.00
17.6230,CubeBlue,0.0006,0.7226,0.4739,342.30,0,0.00,-1.00,0.00
17.6232,CubeRed,0.2808,0.7226,0.5395,19.51,0,0.00,-1.00,0.00
17.6521,CubeBlue,0.0006,0.7226,0.4739,342.30,0,0.00,-1.00,0.00
17.6522,CubeRed,0.2808,0.7226,0.5395,19.72,0,0.00,-1.00,0.00
17.7046,CubeBlue,0.0006,0.7226,0.4739,342.30,0,0.00,-1.00,0.00
17.7047,CubeRed,0.2808,0.7226,0.5395,19.72,0,0.00,-1.00,0.00
17.8173,CubeBlue,0.0006,0.7226,0.4739,342.30,0,0.00,-1.00,0.00
17.8174,CubeRed,0.2808,0.7226,0.5395,20.78,0,0.00,-1.00,0.00
17.8439,CubeBlue,0.0006,0.7226,0.4739,342.30,0,0.00,-1.00,0.00
17.8441,CubeRed,0.2808,0.7226,0.5395,20.83,0,0.00,-1.00,0.00
17.8990,CubeBlue,0.0006,0.7226,0.4739,342.30,0,0.00,-1.00,0.00
17.8992,CubeRed,0.2808,0.7226,0.5395,20.96,0,0.00,-1.00,0.00
18.0107,CubeBlue,0.0006,0.7226,0.4739,342.30,0,0.00,-1.00,0.00
18.0110,CubeRed,0.2808,0.7226,0.5395,20.94,0,0.00,-1.00,0.00
18.0392,CubeBlue,0.0006,0.7226,0.4739,342.30,0,0.00,-1.00,0.00
18.0396,CubeRed,0.2808,0.7226,0.5395,21.01,0,0.00,-1.00,0.00
18.0959,CubeBlue,0.0006,0.7226,0.4739,342.30,0,0.00,-1.00,0.00
18.0960,CubeRed,0.2808,0.7226,0.5395,21.02,0,0.00,-1.00,0.00
18.2050,CubeBlue,0.0006,0.7226,0.4739,342.30,0,0.00,-1.00,0.00
18.2052,CubeRed,0.2697,0.7226,0.5368,21.01,0,0.00,-1.00,0.00
18.2334,CubeBlue,0.0006,0.7226,0.4739,342.30,0,0.00,-1.00,0.00
18.2335,CubeRed,0.2697,0.7226,0.5368,21.00,0,0.00,-1.00,0.00
18.2880,CubeBlue,0.0006,0.7226,0.4739,342.29,0,0.00,-1.00,0.00
18.2882,CubeRed,0.2697,0.7226,0.5368,21.00,0,0.00,-1.00,0.00
18.3997,CubeBlue,0.0006,0.7226,0.4739,343.01,0,0.00,-1.00,0.00
18.3998,CubeRed,0.2697,0.7226,0.5368,3.49,0,0.00,-1.00,0.00
18.4287,CubeBlue,0.0006,0.7226,0.4739,343.85,0,0.00,-1.00,0.00
18.4288,CubeRed,0.2697,0.7226,0.5368,3.50,0,0.00,-1.00,0.00
18.4823,CubeBlue,0.0006,0.7226,0.4739,343.94,0,0.00,-1.00,0.00
18.4824,CubeRed,0.2697,0.7226,0.5368,3.50,0,0.00,-1.00,0.00
18.5938,CubeBlue,0.0006,0.7226,0.4739,343.94,0,0.00,-1.00,0.00
18.5940,CubeRed,0.2697,0.7226,0.5368,3.51,0,0.00,-1.00,0.00
18.6244,CubeBlue,0.0006,0.7226,0.4739,343.95,0,0.00,-1.00,0.00
18.6248,CubeRed,0.2697,0.7226,0.5368,3.50,0,0.00,-1.00,0.00
18.6772,CubeBlue,0.0006,0.7226,0.4739,343.95,0,0.00,-1.00,0.00
18.6773,CubeRed,0.2697,0.7226,0.5368,3.51,0,0.00,-1.00,0.00
18.7901,CubeBlue,0.0006,0.7226,0.4739,343.94,0,0.00,-1.00,0.00
18.7903,CubeRed,0.2697,0.7226,0.5368,3.50,0,0.00,-1.00,0.00
18.8173,CubeBlue,0.0006,0.7226,0.4739,343.94,0,0.00,-1.00,0.00
18.8174,CubeRed,0.2697,0.7226,0.5368,3.50,0,0.00,-1.00,0.00
18.8714,CubeBlue,0.0006,0.7226,0.4739,343.95,0,0.00,-1.00,0.00
18.8716,CubeRed,0.2697,0.7226,0.5368,3.50,0,0.00,-1.00,0.00
18.9841,CubeBlue,0.0006,0.7226,0.4739,343.95,0,0.00,-1.00,0.00
18.9844,CubeRed,0.2697,0.7226,0.5368,3.50,0,0.00,-1.00,0.00
19.0115,CubeBlue,0.0006,0.7226,0.4739,343.95,0,0.00,-1.00,0.00
19.0118,CubeRed,0.2697,0.7226,0.5368,3.51,0,0.00,-1.00,0.00
19.0659,CubeBlue,0.0006,0.7226,0.4739,343.95,0,0.00,-1.00,0.00
19.0661,CubeRed,0.2697,0.7226,0.5368,3.51,0,0.00,-1.00,0.00
19.1783,CubeBlue,0.0006,0.7226,0.4739,343.94,0,0.00,-1.00,0.00
19.1784,CubeRed,0.2665,0.7226,0.5291,3.52,0,0.00,-1.00,0.00
19.2061,CubeBlue,0.0006,0.7226,0.4739,343.94,0,0.00,-1.00,0.00
19.2066,CubeRed,0.2665,0.7226,0.5291,3.52,0,0.00,-1.00,0.00
19.2639,CubeBlue,0.0006,0.7226,0.4739,343.94,0,0.00,-1.00,0.00
19.2640,CubeRed,0.2665,0.7226,0.5291,3.52,0,0.00,-1.00,0.00
19.3756,CubeBlue,0.0006,0.7226,0.4739,343.94,0,0.00,-1.00,0.00
19.3757,CubeRed,0.2665,0.7226,0.5291,3.52,0,0.00,-1.00,0.00
19.4013,CubeBlue,0.0006,0.7226,0.4739,343.94,0,0.00,-1.00,0.00
19.4015,CubeRed,0.2665,0.7226,0.5291,3.52,0,0.00,-1.00,0.00
19.4546,CubeBlue,0.0006,0.7226,0.4739,343.94,0,0.00,-1.00,0.00
19.4548,CubeRed,0.2665,0.7226,0.5291,3.52,0,0.00,-1.00,0.00
19.5662,CubeBlue,0.0006,0.7226,0.4739,343.94,0,0.00,-1.00,0.00
19.5663,CubeRed,0.2665,0.7226,0.5291,3.23,0,0.00,-1.00,0.00
19.5954,CubeBlue,0.0006,0.7226,0.4739,343.94,0,0.00,-1.00,0.00
19.5956,CubeRed,0.2665,0.7226,0.5291,3.24,0,0.00,-1.00,0.00
19.6495,CubeBlue,0.0006,0.7226,0.4739,343.94,0,0.00,-1.00,0.00
19.6496,CubeRed,0.2652,0.7244,0.5271,2.99,0,0.00,-1.00,0.00
19.7605,CubeBlue,0.0006,0.7226,0.4739,343.94,0,0.00,-1.00,0.00
19.7606,CubeRed,0.2646,0.7253,0.5266,2.43,0,0.00,-1.00,0.00
19.7906,CubeBlue,0.0006,0.7226,0.4739,343.94,0,0.00,-1.00,0.00
19.7911,CubeRed,0.2650,0.7252,0.5230,0.80,0,0.00,-1.00,0.00
19.8460,CubeBlue,0.0006,0.7226,0.4739,343.95,0,0.00,-1.00,0.00
19.8462,CubeRed,0.2529,0.7327,0.5272,359.03,0,0.00,-1.00,0.00
19.9565,CubeBlue,0.0006,0.7226,0.4739,343.95,0,0.00,-1.00,0.00
19.9567,CubeRed,0.1860,0.7759,0.5184,356.47,0,0.00,-1.00,0.00
19.9841,CubeBlue,0.0006,0.7226,0.4739,343.95,0,0.00,-1.00,0.00
19.9843,CubeRed,0.2535,0.7057,0.5653,340.93,0,0.00,-1.00,0.00
20.0391,CubeBlue,0.0006,0.7226,0.4739,343.95,0,0.00,-1.00,0.00
20.0393,CubeRed,0.2535,0.7057,0.5653,336.82,0,0.00,-1.00,0.00
20.1522,CubeBlue,0.0006,0.7226,0.4739,343.95,0,0.00,-1.00,0.00
20.1523,CubeRed,0.2535,0.7057,0.5653,331.27,0,0.00,-1.00,0.00
20.1792,CubeBlue,0.0006,0.7226,0.4739,343.95,0,0.00,-1.00,0.00
20.1794,CubeRed,0.2535,0.7057,0.5653,321.23,0,0.00,-1.00,0.00
20.2325,CubeBlue,0.0006,0.7226,0.4739,343.95,0,0.00,-1.00,0.00
20.2327,CubeRed,0.2535,0.7057,0.5653,320.52,0,0.00,-1.00,0.00
20.3449,CubeBlue,0.0006,0.7226,0.4739,343.95,0,0.00,-1.00,0.00
20.3451,CubeRed,-0.0649,0.7226,0.6146,321.74,0,0.00,-1.00,0.00
20.3747,CubeBlue,0.0006,0.7226,0.4739,343.95,0,0.00,-1.00,0.00
20.3751,CubeRed,-0.0649,0.7226,0.6146,320.32,0,0.00,-1.00,0.00
20.4267,CubeBlue,0.0006,0.7226,0.4739,343.95,0,0.00,-1.00,0.00
20.4268,CubeRed,-0.0649,0.7226,0.6146,320.77,0,0.00,-1.00,0.00
20.5386,CubeBlue,0.0006,0.7226,0.4739,343.95,0,0.00,-1.00,0.00
20.5387,CubeRed,-0.1010,0.7226,0.5762,320.83,0,0.00,-1.00,0.00
20.5664,CubeBlue,0.0006,0.7226,0.4739,343.95,0,0.00,-1.00,0.00
20.5667,CubeRed,-0.1010,0.7226,0.5762,321.11,0,0.00,-1.00,0.00
20.6216,CubeBlue,0.0006,0.7226,0.4739,343.95,0,0.00,-1.00,0.00
20.6218,CubeRed,-0.1010,0.7226,0.5762,321.01,0,0.00,-1.00,0.00
20.7327,CubeBlue,0.0117,0.7226,0.4957,343.95,0,0.00,-1.00,0.00
20.7330,CubeRed,-0.1018,0.7226,0.5468,320.69,0,0.00,-1.00,0.00
20.7605,CubeBlue,0.0117,0.7226,0.4957,343.94,0,0.00,-1.00,0.00
20.7607,CubeRed,-0.1018,0.7226,0.5468,320.87,0,0.00,-1.00,0.00
20.8161,CubeBlue,0.0117,0.7226,0.4957,343.94,0,0.00,-1.00,0.00
20.8162,CubeRed,-0.1018,0.7226,0.5468,320.87,0,0.00,-1.00,0.00
20.9288,CubeBlue,0.0099,0.7226,0.4895,343.94,0,0.00,-1.00,0.00
20.9290,CubeRed,-0.1018,0.7226,0.5468,321.48,0,0.00,-1.00,0.00
20.9568,CubeBlue,0.0099,0.7226,0.4895,343.95,0,0.00,-1.00,0.00
20.9572,CubeRed,-0.1018,0.7226,0.5468,320.84,0,0.00,-1.00,0.00
21.0097,CubeBlue,0.0099,0.7226,0.4895,343.95,0,0.00,-1.00,0.00
21.0098,CubeRed,-0.1018,0.7226,0.5468,320.82,0,0.00,-1.00,0.00
21.1256,CubeBlue,0.0112,0.7226,0.4910,343.95,0,0.00,-1.00,0.00
21.1258,CubeRed,-0.1018,0.7226,0.5468,320.82,0,0.00,-1.00,0.00
21.1506,CubeBlue,0.0112,0.7226,0.4910,343.95,0,0.00,-1.00,0.00
21.1507,CubeRed,-0.1018,0.7226,0.5468,320.82,0,0.00,-1.00,0.00
21.2037,CubeBlue,0.0112,0.7226,0.4910,343.95,0,0.00,-1.00,0.00
21.2038,CubeRed,-0.1018,0.7226,0.5468,320.82,0,0.00,-1.00,0.00
21.3166,CubeBlue,0.0112,0.7226,0.4910,343.95,0,0.00,-1.00,0.00
21.3167,CubeRed,-0.1018,0.7226,0.5468,320.81,0,0.00,-1.00,0.00
21.3450,CubeBlue,0.0112,0.7226,0.4910,343.95,0,0.00,-1.00,0.00
21.3451,CubeRed,-0.1018,0.7226,0.5468,320.82,0,0.00,-1.00,0.00
21.4010,CubeBlue,0.0112,0.7226,0.4910,343.95,0,0.00,-1.00,0.00
21.4011,CubeRed,-0.1018,0.7226,0.5468,320.82,0,0.00,-1.00,0.00
21.5127,CubeBlue,0.0112,0.7226,0.4910,343.95,0,0.00,-1.00,0.00
21.5128,CubeRed,-0.0965,0.7226,0.5156,320.82,0,0.00,-1.00,0.00
21.5401,CubeBlue,0.0112,0.7226,0.4910,343.95,0,0.00,-1.00,0.00
21.5407,CubeRed,-0.0965,0.7226,0.5156,320.82,0,0.00,-1.00,0.00
21.5934,CubeBlue,0.0112,0.7226,0.4910,343.95,0,0.00,-1.00,0.00
21.5935,CubeRed,-0.0965,0.7226,0.5156,320.82,0,0.00,-1.00,0.00
21.7093,CubeBlue,0.0112,0.7226,0.4910,343.94,0,0.00,-1.00,0.00
21.7095,CubeRed,-0.0965,0.7226,0.5156,320.83,0,0.00,-1.00,0.00
21.7339,CubeBlue,0.0112,0.7226,0.4910,343.94,0,0.00,-1.00,0.00
21.7340,CubeRed,-0.0965,0.7226,0.5156,320.83,0,0.00,-1.00,0.00
21.7875,CubeBlue,0.0112,0.7226,0.4910,343.94,0,0.00,-1.00,0.00
21.7876,CubeRed,-0.0965,0.7226,0.5156,320.82,0,0.00,-1.00,0.00
21.9021,CubeBlue,0.0112,0.7226,0.4910,343.94,0,0.00,-1.00,0.00
21.9022,CubeRed,-0.0965,0.7226,0.5156,320.83,0,0.00,-1.00,0.00
21.9283,CubeBlue,0.0112,0.7226,0.4910,343.94,0,0.00,-1.00,0.00
21.9284,CubeRed,-0.0965,0.7226,0.5156,320.83,0,0.00,-1.00,0.00
21.9842,CubeBlue,0.0112,0.7226,0.4910,343.94,0,0.00,-1.00,0.00
21.9843,CubeRed,-0.0965,0.7226,0.5156,320.83,0,0.00,-1.00,0.00
22.0939,CubeBlue,0.0112,0.7226,0.4910,343.94,0,0.00,-1.00,0.00
22.0942,CubeRed,-0.0965,0.7226,0.5156,337.96,0,0.00,-1.00,0.00
22.1222,CubeBlue,0.0112,0.7226,0.4910,343.64,0,0.00,-1.00,0.00
22.1228,CubeRed,-0.0965,0.7226,0.5156,337.96,0,0.00,-1.00,0.00
22.1772,CubeBlue,0.0112,0.7226,0.4910,343.05,0,0.00,-1.00,0.00
22.1773,CubeRed,-0.0965,0.7226,0.5156,337.96,0,0.00,-1.00,0.00
22.2878,CubeBlue,0.0112,0.7226,0.4910,344.99,0,0.00,-1.00,0.00
22.2880,CubeRed,-0.0965,0.7226,0.5156,337.96,0,0.00,-1.00,0.00
22.3169,CubeBlue,0.0104,0.7226,0.4882,349.36,0,0.00,-1.00,0.00
22.3170,CubeRed,-0.0965,0.7226,0.5156,337.96,0,0.00,-1.00,0.00
22.3714,CubeBlue,0.0097,0.7221,0.4877,351.17,0,0.00,-1.00,0.00
22.3717,CubeRed,-0.0965,0.7226,0.5156,337.96,0,0.00,-1.00,0.00
22.4830,CubeBlue,0.0090,0.7156,0.4863,351.46,0,0.00,-1.00,0.00
22.4833,CubeRed,-0.0965,0.7226,0.5156,337.96,0,0.00,-1.00,0.00
22.5119,CubeBlue,0.0096,0.7159,0.4861,352.70,0,0.00,-1.00,0.00
22.5122,CubeRed,-0.0965,0.7226,0.5156,337.96,0,0.00,-1.00,0.00
22.5697,CubeBlue,0.0148,0.7198,0.4869,353.62,0,0.00,-1.00,0.00
22.5698,CubeRed,-0.0965,0.7226,0.5156,337.96,0,0.00,-1.00,0.00
22.6796,CubeBlue,0.0259,0.7241,0.4899,354.48,0,0.00,-1.00,0.00
22.6799,CubeRed,-0.0965,0.7226,0.5156,337.96,0,0.00,-1.00,0.00
22.7095,CubeBlue,0.0477,0.7427,0.4949,357.91,0,0.00,-1.00,0.00
22.7102,CubeRed,-0.0965,0.7226,0.5156,337.96,0,0.00,-1.00,0.00
22.7602,CubeBlue,0.0640,0.7429,0.5087,359.30,0,0.00,-1.00,0.00
22.7603,CubeRed,-0.0965,0.7226,0.5156,337.96,0,0.00,-1.00,0.00
22.8742,CubeBlue,0.0961,0.7267,0.5502,2.15,0,0.00,-1.00,0.00
22.8744,CubeRed,-0.0965,0.7226,0.5156,337.96,0,0.00,-1.00,0.00
22.9016,CubeBlue,0.1186,0.7231,0.5709,6.11,0,0.00,-1.00,0.00
22.9018,CubeRed,-0.0965,0.7226,0.5156,337.96,0,0.00,-1.00,0.00
22.9566,CubeBlue,0.1210,0.7161,0.5788,7.22,0,0.00,-1.00,0.00
22.9567,CubeRed,-0.0965,0.7226,0.5156,337.96,0,0.00,-1.00,0.00
23.0661,CubeBlue,0.1355,0.7075,0.5931,7.68,0,0.00,-1.00,0.00
23.0664,CubeRed,-0.0965,0.7226,0.5156,337.96,0,0.00,-1.00,0.00
23.0951,CubeBlue,0.1327,0.7043,0.5941,7.97,0,0.00,-1.00,0.00
23.0952,CubeRed,-0.0965,0.7226,0.5156,337.95,0,0.00,-1.00,0.00
23.1512,CubeBlue,0.1649,0.7051,0.6152,7.91,0,0.00,-1.00,0.00
23.1514,CubeRed,-0.0965,0.7226,0.5156,337.95,0,0.00,-1.00,0.00
23.2609,CubeBlue,0.1649,0.7051,0.6152,8.03,0,0.00,-1.00,0.00
23.2610,CubeRed,-0.0965,0.7226,0.5156,337.95,0,0.00,-1.00,0.00
23.2902,CubeBlue,0.1649,0.7051,0.6152,8.91,0,0.00,-1.00,0.00
23.2906,CubeRed,-0.0965,0.7226,0.5156,337.95,0,0.00,-1.00,0.00
23.3441,CubeBlue,0.1649,0.7051,0.6152,8.96,0,0.00,-1.00,0.00
23.3442,CubeRed,-0.0965,0.7226,0.5156,337.95,0,0.00,-1.00,0.00
23.4555,CubeBlue,0.1649,0.7051,0.6152,8.96,0,0.00,-1.00,0.00
23.4558,CubeRed,-0.0965,0.7226,0.5156,337.95,0,0.00,-1.00,0.00
23.4834,CubeBlue,0.1649,0.7051,0.6152,8.63,0,0.00,-1.00,0.00
23.4836,CubeRed,-0.0965,0.7226,0.5156,337.95,0,0.00,-1.00,0.00
23.5390,CubeBlue,0.1649,0.7051,0.6152,8.23,0,0.00,-1.00,0.00
23.5391,CubeRed,-0.0965,0.7226,0.5156,337.95,0,0.00,-1.00,0.00
23.6501,CubeBlue,0.1649,0.7051,0.6152,8.14,0,0.00,-1.00,0.00
23.6503,CubeRed,-0.0965,0.7226,0.5156,337.95,0,0.00,-1.00,0.00
23.6779,CubeBlue,0.1649,0.7051,0.6152,8.14,0,0.00,-1.00,0.00
23.6780,CubeRed,-0.0965,0.7226,0.5156,337.95,0,0.00,-1.00,0.00
23.7328,CubeBlue,0.1649,0.7051,0.6152,8.14,0,0.00,-1.00,0.00
23.7329,CubeRed,-0.0965,0.7226,0.5156,337.95,0,0.00,-1.00,0.00
23.8438,CubeBlue,0.1649,0.7051,0.6152,8.14,0,0.00,-1.00,0.00
23.8440,CubeRed,-0.0965,0.7226,0.5156,337.95,0,0.00,-1.00,0.00
23.8736,CubeBlue,0.1649,0.7051,0.6152,8.14,0,0.00,-1.00,0.00
23.8740,CubeRed,-0.0965,0.7226,0.5156,337.95,0,0.00,-1.00,0.00
23.9275,CubeBlue,0.1649,0.7051,0.6152,8.14,0,0.00,-1.00,0.00
23.9276,CubeRed,-0.0965,0.7226,0.5156,337.95,0,0.00,-1.00,0.00
24.0380,CubeBlue,0.1649,0.7051,0.6152,8.14,0,0.00,-1.00,0.00
24.0383,CubeRed,-0.0965,0.7226,0.5156,337.95,0,0.00,-1.00,0.00
24.0681,CubeBlue,0.1649,0.7051,0.6152,8.13,0,0.00,-1.00,0.00
24.0683,CubeRed,-0.0965,0.7226,0.5156,337.95,0,0.00,-1.00,0.00
24.1217,CubeBlue,0.1649,0.7051,0.6152,8.13,0,0.00,-1.00,0.00
24.1218,CubeRed,-0.0965,0.7226,0.5156,337.96,0,0.00,-1.00,0.00
24.2347,CubeBlue,0.1649,0.7051,0.6152,8.13,0,0.00,-1.00,0.00
24.2350,CubeRed,-0.0965,0.7226,0.5156,337.96,0,0.00,-1.00,0.00
24.2612,CubeBlue,0.1649,0.7051,0.6152,8.13,0,0.00,-1.00,0.00
24.2614,CubeRed,-0.0965,0.7226,0.5156,337.95,0,0.00,-1.00,0.00
24.3161,CubeBlue,0.1649,0.7051,0.6152,8.13,0,0.00,-1.00,0.00
24.3162,CubeRed,-0.0965,0.7226,0.5156,337.95,0,0.00,-1.00,0.00
24.4266,CubeBlue,0.1649,0.7051,0.6152,8.13,0,0.00,-1.00,0.00
24.4268,CubeRed,-0.0965,0.7226,0.5156,337.95,0,0.00,-1.00,0.00
24.4573,CubeBlue,0.1649,0.7051,0.6152,8.13,0,0.00,-1.00,0.00
24.4578,CubeRed,-0.0965,0.7226,0.5156,337.95,0,0.00,-1.00,0.00
24.5105,CubeBlue,0.1649,0.7051,0.6152,8.12,0,0.00,-1.00,0.00
24.5106,CubeRed,-0.0965,0.7226,0.5156,337.95,0,0.00,-1.00,0.00
24.6235,CubeBlue,0.1649,0.7051,0.6152,8.12,0,0.00,-1.00,0.00
24.6237,CubeRed,-0.0965,0.7226,0.5156,337.95,0,0.00,-1.00,0.00
24.6506,CubeBlue,0.1649,0.7051,0.6152,8.12,0,0.00,-1.00,0.00
24.6507,CubeRed,-0.0965,0.7226,0.5156,337.95,0,0.00,-1.00,0.00
24.7047,CubeBlue,0.1649,0.7051,0.6152,8.12,0,0.00,-1.00,0.00
24.7050,CubeRed,-0.0965,0.7226,0.5156,337.95,0,0.00,-1.00,0.00
24.8170,CubeBlue,0.1649,0.7051,0.6152,5.55,0,0.00,-1.00,0.00
24.8171,CubeRed,-0.0965,0.7226,0.5156,338.45,0,0.00,-1.00,0.00
24.8443,CubeBlue,0.1649,0.7051,0.6152,5.78,0,0.00,-1.00,0.00
24.8444,CubeRed,-0.0965,0.7226,0.5156,338.44,0,0.00,-1.00,0.00
24.8994,CubeBlue,0.1649,0.7051,0.6152,5.72,0,0.00,-1.00,0.00
24.8996,CubeRed,-0.0965,0.7226,0.5156,338.44,0,0.00,-1.00,0.00
25.0104,CubeBlue,0.1649,0.7051,0.6152,4.62,0,0.00,-1.00,0.00
25.0106,CubeRed,-0.0965,0.7226,0.5156,338.44,0,0.00,-1.00,0.00
25.0391,CubeBlue,0.1649,0.7051,0.6152,2.93,0,0.00,-1.00,0.00
25.0395,CubeRed,-0.0965,0.7226,0.5156,338.44,0,0.00,-1.00,0.00
25.0939,CubeBlue,0.1649,0.7051,0.6152,1.86,0,0.00,-1.00,0.00
25.0940,CubeRed,-0.0965,0.7226,0.5156,338.44,0,0.00,-1.00,0.00
25.2050,CubeBlue,0.1649,0.7051,0.6152,357.42,0,0.00,-1.00,0.00
25.2052,CubeRed,-0.0965,0.7226,0.5156,338.44,0,0.00,-1.00,0.00
25.2334,CubeBlue,0.1649,0.7051,0.6152,351.03,0,0.00,-1.00,0.00
25.2335,CubeRed,-0.0965,0.7226,0.5156,338.44,0,0.00,-1.00,0.00
25.2902,CubeBlue,0.1649,0.7051,0.6152,351.03,0,0.00,-1.00,0.00
25.2904,CubeRed,-0.0965,0.7226,0.5156,338.44,0,0.00,-1.00,0.00
25.3994,CubeBlue,0.1139,0.7226,0.5371,347.31,0,0.00,-1.00,0.00
25.3996,CubeRed,-0.0965,0.7226,0.5156,338.44,0,0.00,-1.00,0.00
25.4300,CubeBlue,0.1139,0.7226,0.5371,344.93,0,0.00,-1.00,0.00
25.4301,CubeRed,-0.0965,0.7226,0.5156,338.44,0,0.00,-1.00,0.00
25.4832,CubeBlue,0.1139,0.7226,0.5371,344.57,0,0.00,-1.00,0.00
25.4833,CubeRed,-0.0965,0.7226,0.5156,338.44,0,0.00,-1.00,0.00
25.5938,CubeBlue,0.0690,0.7226,0.4801,343.53,0,0.00,-1.00,0.00
25.5941,CubeRed,-0.0965,0.7226,0.5156,338.45,0,0.00,-1.00,0.00
25.6257,CubeBlue,0.0690,0.7226,0.4801,342.53,0,0.00,-1.00,0.00
25.6261,CubeRed,-0.0965,0.7226,0.5156,338.45,0,0.00,-1.00,0.00
25.6774,CubeBlue,0.0690,0.7226,0.4801,342.53,0,0.00,-1.00,0.00
25.6775,CubeRed,-0.0965,0.7226,0.5156,338.45,0,0.00,-1.00,0.00
25.7903,CubeBlue,0.0479,0.7226,0.4588,342.25,0,0.00,-1.00,0.00
25.7904,CubeRed,-0.0965,0.7226,0.5156,338.45,0,0.00,-1.00,0.00
25.8177,CubeBlue,0.0479,0.7226,0.4588,342.35,0,0.00,-1.00,0.00
25.8178,CubeRed,-0.0965,0.7226,0.5156,338.45,0,0.00,-1.00,0.00
25.8720,CubeBlue,0.0479,0.7226,0.4588,342.51,0,0.00,-1.00,0.00
25.8755,CubeRed,-0.0965,0.7226,0.5156,338.45,0,0.00,-1.00,0.00
25.9871,CubeBlue,0.0479,0.7226,0.4588,342.61,0,0.00,-1.00,0.00
25.9874,CubeRed,-0.0965,0.7226,0.5156,338.45,0,0.00,-1.00,0.00
26.0129,CubeBlue,0.0479,0.7226,0.4588,342.83,0,0.00,-1.00,0.00
26.0131,CubeRed,-0.0965,0.7226,0.5156,338.45,0,0.00,-1.00,0.00
26.0658,CubeBlue,0.0479,0.7226,0.4588,342.83,0,0.00,-1.00,0.00
26.0659,CubeRed,-0.0965,0.7226,0.5156,338.45,0,0.00,-1.00,0.00
26.1791,CubeBlue,0.0479,0.7226,0.4588,342.78,0,0.00,-1.00,0.00
26.1793,CubeRed,-0.0965,0.7226,0.5156,338.44,0,0.00,-1.00,0.00
26.2072,CubeBlue,0.0479,0.7226,0.4588,342.75,0,0.00,-1.00,0.00
26.2077,CubeRed,-0.0965,0.7226,0.5156,338.44,0,0.00,-1.00,0.00
26.2605,CubeBlue,0.0479,0.7226,0.4588,342.75,0,0.00,-1.00,0.00
26.2606,CubeRed,-0.0965,0.7226,0.5156,338.44,0,0.00,-1.00,0.00
26.3732,CubeBlue,0.0479,0.7226,0.4588,342.76,0,0.00,-1.00,0.00
26.3733,CubeRed,-0.0965,0.7226,0.5156,338.44,0,0.00,-1.00,0.00
26.4006,CubeBlue,0.0479,0.7226,0.4588,342.75,0,0.00,-1.00,0.00
26.4007,CubeRed,-0.0965,0.7226,0.5156,338.44,0,0.00,-1.00,0.00
26.4571,CubeBlue,0.0479,0.7226,0.4588,342.76,0,0.00,-1.00,0.00
26.4573,CubeRed,-0.0965,0.7226,0.5156,338.44,0,0.00,-1.00,0.00
26.5655,CubeBlue,0.0479,0.7226,0.4588,342.75,0,0.00,-1.00,0.00
26.5657,CubeRed,-0.0965,0.7226,0.5156,338.44,0,0.00,-1.00,0.00
26.5940,CubeBlue,0.0479,0.7226,0.4588,342.75,0,0.00,-1.00,0.00
26.5942,CubeRed,-0.0965,0.7226,0.5156,338.44,0,0.00,-1.00,0.00
26.6491,CubeBlue,0.0479,0.7226,0.4588,342.75,0,0.00,-1.00,0.00
26.6493,CubeRed,-0.0965,0.7226,0.5156,338.44,0,0.00,-1.00,0.00
26.7596,CubeBlue,0.0479,0.7226,0.4588,342.75,0,0.00,-1.00,0.00
26.7597,CubeRed,-0.0965,0.7226,0.5156,338.44,0,0.00,-1.00,0.00
26.7903,CubeBlue,0.0479,0.7226,0.4588,342.75,0,0.00,-1.00,0.00
26.7908,CubeRed,-0.0965,0.7226,0.5156,338.43,0,0.00,-1.00,0.00
26.8439,CubeBlue,0.0479,0.7226,0.4588,342.75,0,0.00,-1.00,0.00
26.8440,CubeRed,-0.0965,0.7226,0.5156,338.43,0,0.00,-1.00,0.00
26.9562,CubeBlue,0.0479,0.7226,0.4588,342.75,0,0.00,-1.00,0.00
26.9564,CubeRed,-0.0965,0.7226,0.5156,338.43,0,0.00,-1.00,0.00
26.9852,CubeBlue,0.0479,0.7226,0.4588,342.75,0,0.00,-1.00,0.00
26.9853,CubeRed,-0.0965,0.7226,0.5156,338.43,0,0.00,-1.00,0.00
27.0405,CubeBlue,0.0479,0.7226,0.4588,342.75,0,0.00,-1.00,0.00
27.0406,CubeRed,-0.0965,0.7226,0.5156,338.43,0,0.00,-1.00,0.00
27.1512,CubeBlue,0.0479,0.7226,0.4588,342.75,0,0.00,-1.00,0.00
27.1513,CubeRed,-0.0965,0.7226,0.5156,338.43,0,0.00,-1.00,0.00
27.1782,CubeBlue,0.0479,0.7226,0.4588,342.74,0,0.00,-1.00,0.00
27.1784,CubeRed,-0.0965,0.7226,0.5156,338.43,0,0.00,-1.00,0.00
27.2323,CubeBlue,0.0479,0.7226,0.4588,342.74,0,0.00,-1.00,0.00
27.2324,CubeRed,-0.0965,0.7226,0.5156,338.43,0,0.00,-1.00,0.00
27.3462,CubeBlue,0.0479,0.7226,0.4588,342.74,0,0.00,-1.00,0.00
27.3463,CubeRed,-0.0978,0.7226,0.5322,338.43,0,0.00,-1.00,0.00
27.3740,CubeBlue,0.0479,0.7226,0.4588,342.74,0,0.00,-1.00,0.00
27.3744,CubeRed,-0.0996,0.7226,0.5567,338.43,0,0.00,-1.00,0.00
27.4268,CubeBlue,0.0479,0.7226,0.4588,342.74,0,0.00,-1.00,0.00
27.4270,CubeRed,-0.0997,0.7226,0.5585,338.43,0,0.00,-1.00,0.00
27.5382,CubeBlue,0.0479,0.7226,0.4588,342.74,0,0.00,-1.00,0.00
27.5384,CubeRed,-0.1000,0.7226,0.5614,338.43,0,0.00,-1.00,0.00
27.5663,CubeBlue,0.0479,0.7226,0.4588,342.74,0,0.00,-1.00,0.00
27.5665,CubeRed,-0.1003,0.7226,0.5657,338.43,0,0.00,-1.00,0.00
27.6217,CubeBlue,0.0479,0.7226,0.4588,342.74,0,0.00,-1.00,0.00
27.6218,CubeRed,-0.1003,0.7226,0.5661,338.43,0,0.00,-1.00,0.00
27.7332,CubeBlue,0.0479,0.7226,0.4588,342.74,0,0.00,-1.00,0.00
27.7334,CubeRed,-0.1003,0.7226,0.5666,322.59,0,0.00,-1.00,0.00
27.7608,CubeBlue,0.0479,0.7226,0.4588,342.74,0,0.00,-1.00,0.00
27.7610,CubeRed,-0.1004,0.7226,0.5674,322.59,0,0.00,-1.00,0.00
27.8162,CubeBlue,0.0479,0.7226,0.4588,342.74,0,0.00,-1.00,0.00
27.8163,CubeRed,-0.1004,0.7226,0.5674,322.59,0,0.00,-1.00,0.00
27.9265,CubeBlue,0.0479,0.7226,0.4588,342.74,0,0.00,-1.00,0.00
27.9267,CubeRed,-0.1004,0.7226,0.5675,322.59,0,0.00,-1.00,0.00
27.9564,CubeBlue,0.0479,0.7226,0.4588,342.74,0,0.00,-1.00,0.00
27.9570,CubeRed,-0.1004,0.7226,0.5677,322.59,0,0.00,-1.00,0.00
28.0101,CubeBlue,0.0479,0.7226,0.4588,342.74,0,0.00,-1.00,0.00
28.0103,CubeRed,-0.1004,0.7226,0.5677,322.59,0,0.00,-1.00,0.00
28.1234,CubeBlue,0.0479,0.7226,0.4588,342.73,0,0.00,-1.00,0.00
28.1236,CubeRed,-0.1004,0.7226,0.5677,322.60,0,0.00,-1.00,0.00
28.1512,CubeBlue,0.0479,0.7226,0.4588,342.73,0,0.00,-1.00,0.00
28.1514,CubeRed,-0.1004,0.7226,0.5677,322.60,0,0.00,-1.00,0.00
28.2042,CubeBlue,0.0479,0.7226,0.4588,342.73,0,0.00,-1.00,0.00
28.2064,CubeRed,-0.1004,0.7226,0.5677,322.60,0,0.00,-1.00,0.00
28.3159,CubeBlue,0.0479,0.7226,0.4588,342.73,0,0.00,-1.00,0.00
28.3160,CubeRed,-0.1004,0.7226,0.5677,322.60,0,0.00,-1.00,0.00
28.3445,CubeBlue,0.0479,0.7226,0.4588,342.74,0,0.00,-1.00,0.00
28.3447,CubeRed,-0.1004,0.7226,0.5678,322.60,0,0.00,-1.00,0.00
28.3992,CubeBlue,0.0479,0.7226,0.4588,342.74,0,0.00,-1.00,0.00
28.3993,CubeRed,-0.1004,0.7226,0.5678,322.60,0,0.00,-1.00,0.00
28.5107,CubeBlue,0.0479,0.7226,0.4588,342.74,0,0.00,-1.00,0.00
28.5109,CubeRed,-0.1004,0.7226,0.5678,322.60,0,0.00,-1.00,0.00
28.5398,CubeBlue,0.0479,0.7226,0.4588,342.73,0,0.00,-1.00,0.00
28.5406,CubeRed,-0.1004,0.7226,0.5678,322.60,0,0.00,-1.00,0.00
28.5930,CubeBlue,0.0479,0.7226,0.4588,342.73,0,0.00,-1.00,0.00
28.5931,CubeRed,-0.1004,0.7226,0.5678,322.60,0,0.00,-1.00,0.00
28.7047,CubeBlue,0.0479,0.7226,0.4588,342.73,0,0.00,-1.00,0.00
28.7049,CubeRed,-0.1004,0.7226,0.5678,322.60,0,0.00,-1.00,0.00
28.7331,CubeBlue,0.0479,0.7226,0.4588,342.73,0,0.00,-1.00,0.00
28.7334,CubeRed,-0.1004,0.7226,0.5678,322.60,0,0.00,-1.00,0.00
28.7894,CubeBlue,0.0479,0.7226,0.4588,342.73,0,0.00,-1.00,0.00
28.7896,CubeRed,-0.1004,0.7226,0.5678,322.60,0,0.00,-1.00,0.00
28.9008,CubeBlue,0.0479,0.7226,0.4588,342.73,0,0.00,-1.00,0.00
28.9011,CubeRed,-0.0989,0.7226,0.5573,322.60,0,0.00,-1.00,0.00
28.9270,CubeBlue,0.0479,0.7226,0.4588,342.73,0,0.00,-1.00,0.00
28.9273,CubeRed,-0.0967,0.7226,0.5429,322.60,0,0.00,-1.00,0.00
28.9817,CubeBlue,0.0479,0.7226,0.4588,342.73,0,0.00,-1.00,0.00
28.9818,CubeRed,-0.0965,0.7226,0.5418,322.60,0,0.00,-1.00,0.00
29.0939,CubeBlue,0.0479,0.7226,0.4588,342.72,0,0.00,-1.00,0.00
29.0941,CubeRed,-0.0963,0.7226,0.5400,322.60,0,0.00,-1.00,0.00
29.1223,CubeBlue,0.0479,0.7226,0.4588,342.72,0,0.00,-1.00,0.00
29.1228,CubeRed,-0.0959,0.7226,0.5373,322.61,0,0.00,-1.00,0.00
29.1766,CubeBlue,0.0479,0.7226,0.4588,342.72,0,0.00,-1.00,0.00
29.1767,CubeRed,-0.0958,0.7226,0.5372,322.61,0,0.00,-1.00,0.00
29.2883,CubeBlue,0.0479,0.7226,0.4588,342.72,0,0.00,-1.00,0.00
29.2886,CubeRed,-0.0958,0.7226,0.5368,322.61,0,0.00,-1.00,0.00
29.3161,CubeBlue,0.0479,0.7226,0.4588,342.72,0,0.00,-1.00,0.00
29.3163,CubeRed,-0.0957,0.7226,0.5364,322.61,0,0.00,-1.00,0.00
29.3708,CubeBlue,0.0479,0.7226,0.4588,342.72,0,0.00,-1.00,0.00
29.3709,CubeRed,-0.0957,0.7226,0.5363,322.61,0,0.00,-1.00,0.00
29.4827,CubeBlue,0.0479,0.7226,0.4588,342.72,0,0.00,-1.00,0.00
29.4830,CubeRed,-0.0957,0.7226,0.5363,322.61,0,0.00,-1.00,0.00
29.5109,CubeBlue,0.0479,0.7226,0.4588,342.72,0,0.00,-1.00,0.00
29.5110,CubeRed,-0.0957,0.7226,0.5362,322.61,0,0.00,-1.00,0.00
29.5660,CubeBlue,0.0479,0.7226,0.4588,342.72,0,0.00,-1.00,0.00
29.5661,CubeRed,-0.0957,0.7226,0.5362,322.61,0,0.00,-1.00,0.00
29.6784,CubeBlue,0.0479,0.7226,0.4588,342.72,0,0.00,-1.00,0.00
29.6787,CubeRed,-0.0957,0.7226,0.5362,322.61,0,0.00,-1.00,0.00
29.7068,CubeBlue,0.0479,0.7226,0.4588,342.71,0,0.00,-1.00,0.00
29.7075,CubeRed,-0.0957,0.7226,0.5361,322.60,0,0.00,-1.00,0.00
29.7608,CubeBlue,0.0479,0.7226,0.4588,342.71,0,0.00,-1.00,0.00
29.7609,CubeRed,-0.0957,0.7226,0.5361,322.60,0,0.00,-1.00,0.00
29.8743,CubeBlue,0.0502,0.7226,0.4731,342.71,0,0.00,-1.00,0.00
29.8744,CubeRed,-0.0957,0.7226,0.5361,322.60,0,0.00,-1.00,0.00
29.9013,CubeBlue,0.0536,0.7226,0.4941,342.71,0,0.00,-1.00,0.00
29.9016,CubeRed,-0.0957,0.7226,0.5361,322.60,0,0.00,-1.00,0.00
29.9573,CubeBlue,0.0538,0.7226,0.4956,342.71,0,0.00,-1.00,0.00
29.9574,CubeRed,-0.0957,0.7226,0.5361,322.60,0,0.00,-1.00,0.00
30.0688,CubeBlue,0.0543,0.7226,0.4983,342.71,0,0.00,-1.00,0.00
30.0691,CubeRed,-0.0957,0.7226,0.5361,322.60,0,0.00,-1.00,0.00
30.0966,CubeBlue,0.0549,0.7226,0.5020,342.70,0,0.00,-1.00,0.00
30.0967,CubeRed,-0.0957,0.7226,0.5361,322.60,0,0.00,-1.00,0.00
30.1493,CubeBlue,0.0549,0.7226,0.5022,342.70,0,0.00,-1.00,0.00
30.1495,CubeRed,-0.0957,0.7226,0.5361,322.60,0,0.00,-1.00,0.00
30.2621,CubeBlue,0.0550,0.7226,0.5026,342.70,0,0.00,-1.00,0.00
30.2623,CubeRed,-0.0957,0.7226,0.5361,322.60,0,0.00,-1.00,0.00
30.2896,CubeBlue,0.0551,0.7226,0.5036,343.19,0,0.00,-1.00,0.00
30.2901,CubeRed,-0.0957,0.7226,0.5361,322.60,0,0.00,-1.00,0.00
30.3438,CubeBlue,0.0551,0.7226,0.5036,344.99,0,0.00,-1.00,0.00
30.3440,CubeRed,-0.0957,0.7226,0.5361,322.60,0,0.00,-1.00,0.00
30.4568,CubeBlue,0.0537,0.7221,0.5040,350.49,0,0.00,-1.00,0.00
30.4571,CubeRed,-0.0957,0.7226,0.5361,329.91,0,0.00,-1.00,0.00
30.4838,CubeBlue,0.0515,0.7249,0.5014,354.13,0,0.00,-1.00,0.00
30.4840,CubeRed,-0.0957,0.7226,0.5361,329.91,0,0.00,-1.00,0.00
30.5400,CubeBlue,0.0494,0.7255,0.4979,354.13,0,0.00,-1.00,0.00
30.5401,CubeRed,-0.0957,0.7226,0.5361,329.90,0,0.00,-1.00,0.00
30.6510,CubeBlue,0.0435,0.7235,0.4919,354.11,0,0.00,-1.00,0.00
30.6511,CubeRed,-0.0957,0.7226,0.5361,329.90,0,0.00,-1.00,0.00
30.6767,CubeBlue,0.0438,0.7220,0.4929,354.11,0,0.00,-1.00,0.00
30.6769,CubeRed,-0.0957,0.7226,0.5361,329.90,0,0.00,-1.00,0.00
30.7316,CubeBlue,0.0445,0.7229,0.4928,354.11,0,0.00,-1.00,0.00
30.7317,CubeRed,-0.0957,0.7226,0.5361,329.90,0,0.00,-1.00,0.00
30.8432,CubeBlue,0.0460,0.7241,0.4931,354.56,0,0.00,-1.00,0.00
30.8434,CubeRed,-0.0957,0.7226,0.5361,329.90,0,0.00,-1.00,0.00
30.8723,CubeBlue,0.0467,0.7245,0.4936,359.76,0,0.00,-1.00,0.00
30.8728,CubeRed,-0.0957,0.7226,0.5361,329.90,0,0.00,-1.00,0.00
30.9264,CubeBlue,0.0471,0.7247,0.4942,359.76,0,0.00,-1.00,0.00
30.9265,CubeRed,-0.0957,0.7226,0.5361,329.90,0,0.00,-1.00,0.00
31.0384,CubeBlue,0.0474,0.7253,0.4952,0.86,0,0.00,-1.00,0.00
31.0385,CubeRed,-0.0957,0.7226,0.5361,329.90,0,0.00,-1.00,0.00
31.0663,CubeBlue,0.0473,0.7255,0.4961,3.50,0,0.00,-1.00,0.00
31.0665,CubeRed,-0.0957,0.7226,0.5361,329.90,0,0.00,-1.00,0.00
31.1231,CubeBlue,0.0472,0.7253,0.4957,3.50,0,0.00,-1.00,0.00
31.1232,CubeRed,-0.0957,0.7226,0.5361,329.90,0,0.00,-1.00,0.00
31.2328,CubeBlue,0.0471,0.7237,0.4956,4.22,0,0.00,-1.00,0.00
31.2330,CubeRed,-0.0957,0.7226,0.5361,329.90,0,0.00,-1.00,0.00
31.2611,CubeBlue,0.0473,0.7214,0.4961,4.72,0,0.00,-1.00,0.00
31.2613,CubeRed,-0.0957,0.7226,0.5361,329.90,0,0.00,-1.00,0.00
31.3159,CubeBlue,0.0476,0.7216,0.4953,5.27,0,0.00,-1.00,0.00
31.3162,CubeRed,-0.0957,0.7226,0.5361,329.90,0,0.00,-1.00,0.00
31.4278,CubeBlue,0.0500,0.7221,0.4938,5.30,0,0.00,-1.00,0.00
31.4280,CubeRed,-0.0957,0.7226,0.5361,329.90,0,0.00,-1.00,0.00
31.4575,CubeBlue,0.0431,0.7145,0.5017,7.78,0,0.00,-1.00,0.00
31.4580,CubeRed,-0.0957,0.7226,0.5361,329.89,0,0.00,-1.00,0.00
31.5104,CubeBlue,0.0729,0.7228,0.5049,9.27,0,0.00,-1.00,0.00
31.5105,CubeRed,-0.0957,0.7226,0.5361,329.89,0,0.00,-1.00,0.00
31.6229,CubeBlue,0.1384,0.7370,0.5206,13.33,0,0.00,-1.00,0.00
31.6231,CubeRed,-0.0957,0.7226,0.5361,329.89,0,0.00,-1.00,0.00
31.6511,CubeBlue,0.1384,0.7370,0.5206,19.57,1,0.00,-1.00,0.00
31.6513,CubeRed,-0.0957,0.7226,0.5361,329.89,0,0.00,-1.00,0.00
31.7073,CubeBlue,0.1952,0.7327,0.5269,22.19,1,0.00,-1.00,0.00
31.7075,CubeRed,-0.0957,0.7226,0.5361,329.89,0,0.00,-1.00,0.00
31.8176,CubeBlue,0.2279,0.7243,0.5288,22.19,0,0.00,-1.00,0.00
31.8178,CubeRed,-0.0957,0.7226,0.5361,329.89,0,0.00,-1.00,0.00
31.8464,CubeBlue,0.2279,0.7243,0.5288,25.97,0,0.00,-1.00,0.00
31.8465,CubeRed,-0.0957,0.7226,0.5361,329.89,0,0.00,-1.00,0.00
31.8995,CubeBlue,0.2279,0.7243,0.5288,27.18,0,0.00,-1.00,0.00
31.8997,CubeRed,-0.0957,0.7226,0.5361,329.88,0,0.00,-1.00,0.00
32.0123,CubeBlue,0.2279,0.7243,0.5288,29.68,0,0.00,-1.00,0.00
32.0125,CubeRed,-0.0957,0.7226,0.5361,329.88,0,0.00,-1.00,0.00
32.0397,CubeBlue,0.2279,0.7243,0.5288,30.71,0,0.00,-1.00,0.00
32.0403,CubeRed,-0.0957,0.7226,0.5361,329.88,0,0.00,-1.00,0.00
32.0944,CubeBlue,0.2279,0.7243,0.5288,30.82,0,0.00,-1.00,0.00
32.0945,CubeRed,-0.0957,0.7226,0.5361,329.88,0,0.00,-1.00,0.00
32.2044,CubeBlue,0.2279,0.7243,0.5288,30.54,0,0.00,-1.00,0.00
32.2047,CubeRed,-0.0957,0.7226,0.5361,329.88,0,0.00,-1.00,0.00
32.2334,CubeBlue,0.2279,0.7243,0.5288,29.80,0,0.00,-1.00,0.00
32.2336,CubeRed,-0.0957,0.7226,0.5361,329.87,0,0.00,-1.00,0.00
32.2899,CubeBlue,0.2279,0.7243,0.5288,29.80,0,0.00,-1.00,0.00
32.2900,CubeRed,-0.0957,0.7226,0.5361,329.87,0,0.00,-1.00,0.00
32.3999,CubeBlue,0.2288,0.7227,0.5305,29.70,0,0.00,-1.00,0.00
32.4001,CubeRed,-0.0970,0.7226,0.5477,329.87,0,0.00,-1.00,0.00
32.4289,CubeBlue,0.2278,0.7267,0.5282,28.26,0,0.00,-1.00,0.00
32.4291,CubeRed,-0.0988,0.7226,0.5626,329.88,0,0.00,-1.00,0.00
32.4826,CubeBlue,0.2283,0.7257,0.5272,27.78,0,0.00,-1.00,0.00
32.4828,CubeRed,-0.0989,0.7226,0.5639,329.88,0,0.00,-1.00,0.00
32.5946,CubeBlue,0.2291,0.7245,0.5255,26.74,0,0.00,-1.00,0.00
32.5948,CubeRed,-0.0992,0.7226,0.5659,329.88,0,0.00,-1.00,0.00
32.6233,CubeBlue,0.2292,0.7236,0.5250,22.29,0,0.00,-1.00,0.00
32.6238,CubeRed,-0.0995,0.7226,0.5688,329.88,0,0.00,-1.00,0.00
32.6772,CubeBlue,0.2279,0.7261,0.5206,22.28,0,0.00,-1.00,0.00
32.6773,CubeRed,-0.0995,0.7226,0.5690,329.88,0,0.00,-1.00,0.00
32.7910,CubeBlue,0.2304,0.7316,0.5062,22.28,0,0.00,-1.00,0.00
32.7911,CubeRed,-0.0992,0.7226,0.5609,329.88,0,0.00,-1.00,0.00
32.8185,CubeBlue,0.2453,0.7326,0.5039,22.28,0,0.00,-1.00,0.00
32.8187,CubeRed,-0.0987,0.7226,0.5487,329.88,0,0.00,-1.00,0.00
32.8712,CubeBlue,0.2521,0.7426,0.4839,22.28,0,0.00,-1.00,0.00
32.8713,CubeRed,-0.0987,0.7226,0.5478,329.88,0,0.00,-1.00,0.00
32.9868,CubeBlue,0.2958,0.7032,0.4988,22.28,0,0.00,-1.00,0.00
32.9870,CubeRed,-0.0986,0.7226,0.5464,329.88,0,0.00,-1.00,0.00
33.0127,CubeBlue,0.2958,0.7032,0.4988,22.28,0,0.00,-1.00,0.00
33.0128,CubeRed,-0.0985,0.7226,0.5442,329.87,0,0.00,-1.00,0.00
33.0652,CubeBlue,0.2958,0.7032,0.4988,22.28,0,0.00,-1.00,0.00
33.0653,CubeRed,-0.0985,0.7226,0.5441,329.87,0,0.00,-1.00,0.00
33.1797,CubeBlue,0.2958,0.7032,0.4988,22.28,0,0.00,-1.00,0.00
33.1798,CubeRed,-0.0975,0.7226,0.5351,324.07,0,0.00,-1.00,0.00
33.2062,CubeBlue,0.2958,0.7032,0.4988,22.27,0,0.00,-1.00,0.00
33.2069,CubeRed,-0.0958,0.7226,0.5211,324.08,0,0.00,-1.00,0.00
33.2600,CubeBlue,0.2958,0.7032,0.4988,22.27,0,0.00,-1.00,0.00
33.2601,CubeRed,-0.0957,0.7226,0.5202,324.08,0,0.00,-1.00,0.00
33.3737,CubeBlue,0.2958,0.7032,0.4988,22.27,0,0.00,-1.00,0.00
33.3739,CubeRed,-0.0955,0.7226,0.5185,324.08,0,0.00,-1.00,0.00
33.4007,CubeBlue,0.2958,0.7032,0.4988,22.28,0,0.00,-1.00,0.00
33.4009,CubeRed,-0.0953,0.7226,0.5161,324.07,0,0.00,-1.00,0.00
33.4571,CubeBlue,0.2958,0.7032,0.4988,22.27,0,0.00,-1.00,0.00
33.4572,CubeRed,-0.0952,0.7226,0.5159,324.08,0,0.00,-1.00,0.00
33.5670,CubeBlue,0.2958,0.7032,0.4988,36.35,0,0.00,-1.00,0.00
33.5671,CubeRed,-0.0952,0.7226,0.5156,324.08,0,0.00,-1.00,0.00
33.5950,CubeBlue,0.2958,0.7032,0.4988,36.35,0,0.00,-1.00,0.00
33.5951,CubeRed,-0.0952,0.7226,0.5152,324.08,0,0.00,-1.00,0.00
33.6488,CubeBlue,0.2958,0.7032,0.4988,36.35,0,0.00,-1.00,0.00
33.6490,CubeRed,-0.0952,0.7226,0.5152,324.08,0,0.00,-1.00,0.00
33.7625,CubeBlue,0.2958,0.7032,0.4988,36.35,0,0.00,-1.00,0.00
33.7627,CubeRed,-0.0951,0.7226,0.5151,324.08,0,0.00,-1.00,0.00
33.7909,CubeBlue,0.2958,0.7032,0.4988,36.36,0,0.00,-1.00,0.00
33.7913,CubeRed,-0.0951,0.7226,0.5151,324.08,0,0.00,-1.00,0.00
33.8432,CubeBlue,0.2958,0.7032,0.4988,36.36,0,0.00,-1.00,0.00
33.8434,CubeRed,-0.0951,0.7226,0.5151,324.07,0,0.00,-1.00,0.00
33.9567,CubeBlue,0.2958,0.7032,0.4988,36.36,0,0.00,-1.00,0.00
33.9569,CubeRed,-0.0981,0.7226,0.5279,324.07,0,0.00,-1.00,0.00
33.9851,CubeBlue,0.2958,0.7032,0.4988,36.35,0,0.00,-1.00,0.00
33.9854,CubeRed,-0.1025,0.7226,0.5477,324.07,0,0.00,-1.00,0.00
34.0384,CubeBlue,0.2958,0.7032,0.4988,36.35,0,0.00,-1.00,0.00
34.0420,CubeRed,-0.1029,0.7226,0.5492,324.07,0,0.00,-1.00,0.00
34.1550,CubeBlue,0.2958,0.7032,0.4988,36.35,0,0.00,-1.00,0.00
34.1553,CubeRed,-0.1034,0.7226,0.5517,324.07,0,0.00,-1.00,0.00
34.1807,CubeBlue,0.2958,0.7032,0.4988,36.35,0,0.00,-1.00,0.00
34.1809,CubeRed,-0.1042,0.7226,0.5552,316.44,0,0.00,-1.00,0.00
34.2319,CubeBlue,0.2958,0.7032,0.4988,36.35,0,0.00,-1.00,0.00
34.2320,CubeRed,-0.1044,0.7226,0.5558,316.44,0,0.00,-1.00,0.00
34.3446,CubeBlue,0.2958,0.7032,0.4988,36.35,0,0.00,-1.00,0.00
34.3449,CubeRed,-0.1032,0.7270,0.5554,318.35,0,0.00,-1.00,0.00
34.3739,CubeBlue,0.2958,0.7032,0.4988,36.35,0,0.00,-1.00,0.00
34.3743,CubeRed,-0.1024,0.7318,0.5562,322.83,0,0.00,-1.00,0.00
34.4267,CubeBlue,0.2958,0.7032,0.4988,36.35,0,0.00,-1.00,0.00
34.4268,CubeRed,-0.1020,0.7327,0.5574,323.56,0,0.00,-1.00,0.00
34.5392,CubeBlue,0.2958,0.7032,0.4988,36.36,0,0.00,-1.00,0.00
34.5394,CubeRed,-0.1010,0.7334,0.5589,324.22,0,0.00,-1.00,0.00
34.5671,CubeBlue,0.2958,0.7032,0.4988,36.36,0,0.00,-1.00,0.00
34.5673,CubeRed,-0.1005,0.7327,0.5592,327.15,0,0.00,-1.00,0.00
34.6212,CubeBlue,0.2958,0.7032,0.4988,36.36,0,0.00,-1.00,0.00
34.6213,CubeRed,-0.1009,0.7312,0.5594,327.15,0,0.00,-1.00,0.00
34.7324,CubeBlue,0.2958,0.7032,0.4988,36.36,0,0.00,-1.00,0.00
34.7327,CubeRed,-0.1009,0.7312,0.5594,328.25,1,0.00,-1.00,0.00
34.7622,CubeBlue,0.2958,0.7032,0.4988,36.36,0,0.00,-1.00,0.00
34.7624,CubeRed,-0.1015,0.7321,0.5592,328.25,0,0.00,-1.00,0.00
34.8163,CubeBlue,0.2958,0.7032,0.4988,36.36,0,0.00,-1.00,0.00
34.8165,CubeRed,-0.1015,0.7321,0.5592,328.06,0,0.00,-1.00,0.00
34.9272,CubeBlue,0.2958,0.7032,0.4988,36.35,0,0.00,-1.00,0.00
34.9275,CubeRed,-0.1015,0.7321,0.5592,327.37,0,0.00,-1.00,0.00
34.9563,CubeBlue,0.2958,0.7032,0.4988,36.35,0,0.00,-1.00,0.00
34.9569,CubeRed,-0.1015,0.7321,0.5592,326.25,0,0.00,-1.00,0.00
35.0102,CubeBlue,0.2958,0.7032,0.4988,36.35,0,0.00,-1.00,0.00
35.0103,CubeRed,-0.1015,0.7321,0.5592,325.96,0,0.00,-1.00,0.00
35.1219,CubeBlue,0.2954,0.7094,0.4990,36.35,0,0.00,-1.00,0.00
35.1221,CubeRed,-0.1015,0.7321,0.5592,325.91,0,0.00,-1.00,0.00
35.1508,CubeBlue,0.2948,0.7184,0.4992,36.35,0,0.00,-1.00,0.00
35.1510,CubeRed,-0.1015,0.7321,0.5592,328.37,0,0.00,-1.00,0.00
35.2062,CubeBlue,0.2948,0.7191,0.4992,36.35,0,0.00,-1.00,0.00
35.2063,CubeRed,-0.1015,0.7321,0.5592,328.37,0,0.00,-1.00,0.00
35.3167,CubeBlue,0.2947,0.7202,0.4992,36.35,0,0.00,-1.00,0.00
35.3170,CubeRed,-0.1015,0.7321,0.5592,329.30,0,0.00,-1.00,0.00
35.3449,CubeBlue,0.2946,0.7218,0.4993,36.35,0,0.00,-1.00,0.00
35.3451,CubeRed,-0.1015,0.7321,0.5592,334.86,0,0.00,-1.00,0.00
35.3997,CubeBlue,0.2946,0.7220,0.4993,36.35,0,0.00,-1.00,0.00
35.3999,CubeRed,-0.1015,0.7321,0.5592,335.82,0,0.00,-1.00,0.00
35.5108,CubeBlue,0.2946,0.7222,0.4993,36.35,0,0.00,-1.00,0.00
35.5110,CubeRed,-0.1015,0.7321,0.5592,337.32,0,0.00,-1.00,0.00
35.5398,CubeBlue,0.2946,0.7225,0.4993,36.35,0,0.00,-1.00,0.00
35.5404,CubeRed,-0.1015,0.7321,0.5592,341.08,0,0.00,-1.00,0.00
35.5940,CubeBlue,0.2946,0.7225,0.4993,36.35,0,0.00,-1.00,0.00
35.5942,CubeRed,-0.1015,0.7321,0.5592,341.91,0,0.00,-1.00,0.00
35.7044,CubeBlue,0.2946,0.7225,0.4993,36.35,0,0.00,-1.00,0.00
35.7046,CubeRed,-0.1015,0.7321,0.5592,343.56,0,0.00,-1.00,0.00
35.7342,CubeBlue,0.2946,0.7226,0.4993,36.35,0,0.00,-1.00,0.00
35.7344,CubeRed,-0.1015,0.7321,0.5592,344.35,0,0.00,-1.00,0.00
35.7900,CubeBlue,0.2946,0.7226,0.4993,36.35,0,0.00,-1.00,0.00
35.7901,CubeRed,-0.1015,0.7321,0.5592,344.58,0,0.00,-1.00,0.00
35.8995,CubeBlue,0.2946,0.7226,0.4993,36.35,0,0.00,-1.00,0.00
35.8998,CubeRed,-0.1015,0.7321,0.5592,345.17,0,0.00,-1.00,0.00
35.9272,CubeBlue,0.2946,0.7226,0.4993,36.35,0,0.00,-1.00,0.00
35.9274,CubeRed,-0.1015,0.7321,0.5592,347.29,0,0.00,-1.00,0.00
35.9819,CubeBlue,0.2946,0.7226,0.4993,36.35,0,0.00,-1.00,0.00
35.9820,CubeRed,-0.1015,0.7321,0.5592,347.66,0,0.00,-1.00,0.00
36.0940,CubeBlue,0.2946,0.7226,0.4993,31.40,0,0.00,-1.00,0.00
36.0942,CubeRed,-0.1015,0.7321,0.5592,347.95,0,0.00,-1.00,0.00
36.1225,CubeBlue,0.2946,0.7226,0.4993,25.46,0,0.00,-1.00,0.00
36.1229,CubeRed,-0.1015,0.7321,0.5592,348.69,0,0.00,-1.00,0.00
36.1769,CubeBlue,0.2946,0.7226,0.4993,25.34,0,0.00,-1.00,0.00
36.1771,CubeRed,-0.1015,0.7321,0.5592,348.69,0,0.00,-1.00,0.00
36.2879,CubeBlue,0.2946,0.7226,0.4993,25.15,0,0.00,-1.00,0.00
36.2882,CubeRed,-0.1015,0.7321,0.5592,348.69,0,0.00,-1.00,0.00
36.3169,CubeBlue,0.2946,0.7226,0.4993,24.92,0,0.00,-1.00,0.00
36.3170,CubeRed,-0.1015,0.7321,0.5592,345.87,0,0.00,-1.00,0.00
36.3740,CubeBlue,0.2946,0.7226,0.4993,24.89,0,0.00,-1.00,0.00
36.3741,CubeRed,-0.1015,0.7321,0.5592,345.00,0,0.00,-1.00,0.00
36.4826,CubeBlue,0.2946,0.7226,0.4993,24.90,0,0.00,-1.00,0.00
36.4829,CubeRed,-0.1015,0.7321,0.5592,344.21,0,0.00,-1.00,0.00
36.5119,CubeBlue,0.2946,0.7226,0.4993,24.90,0,0.00,-1.00,0.00
36.5121,CubeRed,-0.1015,0.7321,0.5592,341.78,0,0.00,-1.00,0.00
36.5657,CubeBlue,0.2946,0.7226,0.4993,24.90,0,0.00,-1.00,0.00
36.5658,CubeRed,-0.1015,0.7321,0.5592,341.26,0,0.00,-1.00,0.00
36.6773,CubeBlue,0.2946,0.7226,0.4993,24.90,0,0.00,-1.00,0.00
36.6776,CubeRed,-0.1015,0.7321,0.5592,341.14,0,0.00,-1.00,0.00
36.7072,CubeBlue,0.2946,0.7226,0.4993,24.90,0,0.00,-1.00,0.00
36.7076,CubeRed,-0.1015,0.7321,0.5592,341.06,0,0.00,-1.00,0.00
36.7610,CubeBlue,0.2946,0.7226,0.4993,24.90,0,0.00,-1.00,0.00
36.7612,CubeRed,-0.1015,0.7321,0.5592,341.05,0,0.00,-1.00,0.00
36.8719,CubeBlue,0.2946,0.7226,0.4993,24.90,0,0.00,-1.00,0.00
36.8721,CubeRed,-0.1015,0.7321,0.5592,341.06,0,0.00,-1.00,0.00
36.9002,CubeBlue,0.2946,0.7226,0.4993,24.90,0,0.00,-1.00,0.00
36.9005,CubeRed,-0.1015,0.7321,0.5592,341.06,0,0.00,-1.00,0.00
36.9569,CubeBlue,0.2946,0.7226,0.4993,24.89,0,0.00,-1.00,0.00
36.9570,CubeRed,-0.1015,0.7321,0.5592,341.06,0,0.00,-1.00,0.00
37.0659,CubeBlue,0.2946,0.7226,0.4993,24.89,0,0.00,-1.00,0.00
37.0662,CubeRed,0.1813,0.7226,0.3748,341.06,0,0.00,-1.00,0.00
37.0976,CubeBlue,0.2946,0.7226,0.4993,24.89,0,0.00,-1.00,0.00
37.0977,CubeRed,0.1813,0.7226,0.3748,341.06,0,0.00,-1.00,0.00
37.1495,CubeBlue,0.2946,0.7226,0.4993,24.89,0,0.00,-1.00,0.00
37.1496,CubeRed,0.1813,0.7226,0.3748,341.06,0,0.00,-1.00,0.00
37.2619,CubeBlue,0.2946,0.7226,0.4993,24.89,0,0.00,-1.00,0.00
37.2622,CubeRed,0.1813,0.7226,0.3748,20.20,0,0.00,-1.00,0.00
37.2906,CubeBlue,0.2946,0.7226,0.4993,24.89,0,0.00,-1.00,0.00
37.2912,CubeRed,0.1813,0.7226,0.3748,20.20,0,0.00,-1.00,0.00
37.3439,CubeBlue,0.2946,0.7226,0.4993,24.89,0,0.00,-1.00,0.00
37.3440,CubeRed,0.1813,0.7226,0.3748,20.20,0,0.00,-1.00,0.00
37.4563,CubeBlue,0.2946,0.7226,0.4993,24.89,0,0.00,-1.00,0.00
37.4565,CubeRed,0.1813,0.7226,0.3748,20.20,0,0.00,-1.00,0.00
37.4836,CubeBlue,0.2946,0.7226,0.4993,24.89,0,0.00,-1.00,0.00
37.4837,CubeRed,0.1813,0.7226,0.3748,17.74,0,0.00,-1.00,0.00
37.5401,CubeBlue,0.2946,0.7226,0.4993,24.89,0,0.00,-1.00,0.00
37.5403,CubeRed,0.1813,0.7226,0.3748,15.92,0,0.00,-1.00,0.00
37.6500,CubeBlue,0.2946,0.7226,0.4993,24.89,0,0.00,-1.00,0.00
37.6502,CubeRed,0.1745,0.7204,0.3698,12.38,0,0.00,-1.00,0.00
37.6781,CubeBlue,0.2946,0.7226,0.4993,24.89,0,0.00,-1.00,0.00
37.6783,CubeRed,0.1694,0.7187,0.3641,12.41,0,0.00,-1.00,0.00
