time_s,tracker_id,qx,qy,qz,qw,raw_grip
0.0031,CubeRed,-0.0016,0.0122,0.0009,0.9999,0
0.0033,CubeBlue,-0.0043,-0.0131,0.0151,0.9998,2
0.1082,CubeRed,-0.0012,0.0122,0.0008,0.9999,0
0.1084,CubeBlue,-0.0033,-0.0131,0.0142,0.9998,0
0.1373,CubeRed,-0.0008,0.0121,0.0010,0.9999,0
0.1377,CubeBlue,-0.0032,-0.0131,0.0142,0.9998,0
0.1897,CubeRed,-0.0008,0.0121,0.0010,0.9999,0
0.1898,CubeBlue,-0.0032,-0.0131,0.0142,0.9998,0
0.3017,CubeRed,-0.0009,0.0121,0.0015,0.9999,0
0.3019,CubeBlue,-0.0042,-0.0131,0.0143,0.9998,0
0.3292,CubeRed,-0.0014,0.0121,0.0014,0.9999,0
0.3295,CubeBlue,-0.0046,-0.0131,0.0144,0.9998,0
0.3844,CubeRed,-0.0012,0.0121,0.0015,0.9999,0
0.3846,CubeBlue,-0.0035,-0.0131,0.0145,0.9998,0
0.4933,CubeRed,-0.0016,0.0121,0.0019,0.9999,0
0.4935,CubeBlue,-0.0041,-0.0131,0.0138,0.9998,0
0.5240,CubeRed,-0.0014,0.0121,0.0012,0.9999,0
0.5242,CubeBlue,-0.0032,-0.0131,0.0141,0.9998,0
0.5809,CubeRed,-0.0010,0.0121,0.0011,0.9999,0
0.5811,CubeBlue,-0.0036,-0.0131,0.0137,0.9998,0
0.6872,CubeRed,-0.0015,0.0121,0.0006,0.9999,0
0.6875,CubeBlue,-0.0038,-0.0131,0.0141,0.9998,0
0.7188,CubeRed,-0.0018,0.0121,0.0008,0.9999,0
0.7192,CubeBlue,-0.0033,-0.0131,0.0141,0.9998,0
0.7742,CubeRed,-0.0013,0.0121,0.0008,0.9999,0
0.7744,CubeBlue,-0.0035,-0.0131,0.0144,0.9998,0
0.8842,CubeRed,-0.0008,0.0120,0.0012,0.9999,0
0.8844,CubeBlue,-0.0038,-0.0131,0.0146,0.9998,0
0.9139,CubeRed,-0.0009,0.0120,0.0011,0.9999,0
0.9142,CubeBlue,-0.0036,-0.0131,0.0141,0.9998,0
0.9680,CubeRed,-0.0007,0.0120,0.0004,0.9999,0
0.9682,CubeBlue,-0.0031,-0.0131,0.0147,0.9998,0
1.0796,CubeRed,-0.0011,0.0120,0.0004,0.9999,0
1.0798,CubeBlue,-0.0038,-0.0131,0.0141,0.9998,0
1.1086,CubeRed,-0.0016,0.0120,0.0009,0.9999,0
1.1088,CubeBlue,-0.0040,-0.0132,0.0142,0.9998,0
1.1615,CubeRed,-0.0014,0.0120,0.0009,0.9999,0
1.1618,CubeBlue,-0.0044,-0.0131,0.0149,0.9998,0
1.2736,CubeRed,-0.0010,0.0120,0.0008,0.9999,0
1.2738,CubeBlue,-0.0038,-0.0132,0.0148,0.9998,7
1.3024,CubeRed,-0.0015,0.0119,0.0018,0.9999,0
1.3029,CubeBlue,-0.0040,-0.0132,0.0137,0.9998,0
1.3562,CubeRed,-0.0017,0.0119,0.0008,0.9999,0
1.3564,CubeBlue,-0.0040,-0.0132,0.0137,0.9998,0
1.4658,CubeRed,-0.0013,0.0119,0.0012,0.9999,0
1.4660,CubeBlue,-0.0038,-0.0131,0.0138,0.9998,0
1.4967,CubeRed,-0.0008,0.0119,0.0013,0.9999,0
1.4969,CubeBlue,-0.0033,-0.0132,0.0152,0.9998,1
1.5509,CubeRed,-0.0011,0.0118,0.0015,0.9999,0
1.5510,CubeBlue,-0.0032,-0.0132,0.0142,0.9998,1
1.6623,CubeRed,-0.0012,0.0118,0.0013,0.9999,0
1.6625,CubeBlue,-0.0035,-0.0132,0.0144,0.9998,0
1.6904,CubeRed,-0.0014,0.0118,0.0010,0.9999,0
1.6905,CubeBlue,-0.0044,-0.0131,0.0144,0.9998,0
1.7449,CubeRed,-0.0011,0.0118,0.0015,0.9999,0
1.7451,CubeBlue,-0.0037,-0.0131,0.0149,0.9998,0
1.8538,CubeRed,-0.0016,0.0118,0.0017,0.9999,0
1.8540,CubeBlue,-0.0038,-0.0132,0.0141,0.9998,0
1.8842,CubeRed,-0.0013,0.0118,0.0013,0.9999,0
1.8848,CubeBlue,-0.0033,-0.0132,0.0143,0.9998,0
1.9400,CubeRed,-0.0013,0.0118,0.0009,0.9999,0
1.9402,CubeBlue,-0.0041,-0.0132,0.0136,0.9998,0
2.0504,CubeRed,-0.0017,0.0118,0.0012,0.9999,0
2.0506,CubeBlue,-0.0037,-0.0132,0.0146,0.9998,0
2.0794,CubeRed,-0.0011,0.0117,0.0016,0.9999,0
2.0795,CubeBlue,-0.0039,-0.0132,0.0141,0.9998,0
2.1343,CubeRed,-0.0011,0.0117,0.0016,0.9999,0
2.1344,CubeBlue,-0.0042,-0.0132,0.0139,0.9998,0
2.2427,CubeRed,-0.0011,0.0117,0.0010,0.9999,0
2.2428,CubeBlue,-0.0032,-0.0132,0.0146,0.9998,0
2.2747,CubeRed,-0.0006,0.0117,0.0006,0.9999,0
2.2750,CubeBlue,-0.0032,-0.0132,0.0147,0.9998,0
2.3294,CubeRed,-0.0004,0.0117,0.0012,0.9999,0
2.3296,CubeBlue,-0.0037,-0.0132,0.0145,0.9998,0
2.4397,CubeRed,-0.0012,0.0116,0.0010,0.9999,0
2.4399,CubeBlue,-0.0035,-0.0132,0.0139,0.9998,0
2.4692,CubeRed,-0.0016,0.0116,0.0014,0.9999,0
2.4696,CubeBlue,-0.0041,-0.0133,0.0150,0.9998,0
2.5228,CubeRed,-0.0008,0.0116,0.0011,0.9999,0
2.5230,CubeBlue,-0.0043,-0.0132,0.0146,0.9998,0
2.6379,CubeRed,-0.0012,0.0116,0.0019,0.9999,0
2.6380,CubeBlue,-0.0039,-0.0133,0.0139,0.9998,0
2.6634,CubeRed,-0.0009,0.0115,0.0013,0.9999,0
2.6636,CubeBlue,-0.0045,-0.0133,0.0144,0.9998,0
2.7183,CubeRed,-0.0009,0.0115,0.0013,0.9999,0
2.7185,CubeBlue,-0.0040,-0.0133,0.0152,0.9998,0
2.8263,CubeRed,-0.0006,0.0115,0.0005,0.9999,0
2.8266,CubeBlue,-0.0040,-0.0133,0.0152,0.9998,0
2.8572,CubeRed,-0.0009,0.0115,0.0005,0.9999,0
2.8573,CubeBlue,-0.0036,-0.0133,0.0146,0.9998,0
2.9126,CubeRed,-0.0010,0.0115,0.0008,0.9999,0
2.9127,CubeBlue,-0.0030,-0.0133,0.0147,0.9998,0
3.0241,CubeRed,-0.0013,0.0114,0.0016,0.9999,0
3.0244,CubeBlue,-0.0028,-0.0133,0.0144,0.9998,0
3.0517,CubeRed,-0.0022,0.0114,0.0014,0.9999,0
3.0521,CubeBlue,-0.0044,-0.0133,0.0139,0.9998,2
3.1068,CubeRed,-0.0011,0.0114,0.0011,0.9999,0
3.1070,CubeBlue,-0.0034,-0.0133,0.0136,0.9998,2
3.2176,CubeRed,-0.0011,0.0114,0.0016,0.9999,0
3.2178,CubeBlue,-0.0040,-0.0133,0.0141,0.9998,2
3.2451,CubeRed,-0.0009,0.0114,0.0012,0.9999,0
3.2452,CubeBlue,-0.0038,-0.0133,0.0145,0.9998,0
3.3037,CubeRed,-0.0009,0.0114,0.0012,0.9999,0
3.3039,CubeBlue,-0.0032,-0.0133,0.0145,0.9998,0
3.4123,CubeRed,-0.0008,0.0114,0.0006,0.9999,0
3.4125,CubeBlue,-0.0036,-0.0133,0.0146,0.9998,0
3.4402,CubeRed,-0.0010,0.0113,0.0007,0.9999,0
3.4403,CubeBlue,-0.0037,-0.0133,0.0143,0.9998,0
3.4944,CubeRed,-0.0010,0.0113,0.0007,0.9999,0
3.4946,CubeBlue,-0.0037,-0.0133,0.0143,0.9998,0
3.6026,CubeRed,-0.0064,-0.0194,0.0116,0.9997,0
3.6028,CubeBlue,-0.0037,-0.0133,0.0150,0.9998,0
3.6205,CubeRed,0.0016,-0.0285,0.0143,0.9995,0
3.6210,CubeBlue,-0.0051,-0.0134,0.0141,0.9998,0
3.6761,CubeRed,0.0025,-0.0308,0.0141,0.9994,0
3.6763,CubeBlue,-0.0043,-0.0134,0.0138,0.9998,0
3.7880,CubeRed,-0.0087,-0.0005,0.0140,0.9999,0
3.7882,CubeBlue,-0.0047,-0.0134,0.0128,0.9998,0
3.8145,CubeRed,-0.0534,-0.0134,0.0077,0.9985,0
3.8147,CubeBlue,-0.0042,-0.0134,0.0141,0.9998,0
3.8724,CubeRed,-0.0534,-0.0134,0.0077,0.9985,0
3.8726,CubeBlue,-0.0040,-0.0134,0.0146,0.9998,0
3.9784,CubeRed,-0.0141,0.0098,-0.0446,0.9989,0
3.9786,CubeBlue,-0.0040,-0.0134,0.0146,0.9998,0
4.0086,CubeRed,-0.0374,0.0546,-0.1336,0.9888,0
4.0088,CubeBlue,-0.0039,-0.0134,0.0138,0.9998,0
4.0645,CubeRed,-0.0582,0.0651,-0.1533,0.9843,1
4.0647,CubeBlue,-0.0039,-0.0134,0.0138,0.9998,0
4.1756,CubeRed,-0.0805,0.0735,-0.1688,0.9796,1
4.1758,CubeBlue,-0.0035,-0.0134,0.0143,0.9998,0
4.2046,CubeRed,-0.0955,0.0858,-0.1641,0.9780,0
4.2052,CubeBlue,-0.0040,-0.0134,0.0134,0.9998,0
4.2582,CubeRed,-0.0737,0.0993,-0.1438,0.9819,0
4.2584,CubeBlue,-0.0045,-0.0134,0.0138,0.9998,0
4.3668,CubeRed,-0.0472,0.1006,-0.1148,0.9872,0
4.3670,CubeBlue,-0.0044,-0.0134,0.0140,0.9998,0
4.3844,CubeRed,-0.0171,0.0854,-0.0694,0.9938,0
4.3846,CubeBlue,-0.0038,-0.0135,0.0145,0.9998,0
4.4418,CubeRed,-0.0171,0.0854,-0.0694,0.9938,0
4.4419,CubeBlue,-0.0032,-0.0135,0.0153,0.9998,0
4.5518,CubeRed,-0.0156,0.0768,-0.0548,0.9954,0
4.5520,CubeBlue,-0.0039,-0.0135,0.0144,0.9998,0
4.5792,CubeRed,-0.0158,0.0743,-0.0220,0.9969,0
4.5794,CubeBlue,-0.0039,-0.0135,0.0143,0.9998,0
4.6334,CubeRed,-0.0128,0.0777,-0.0195,0.9967,0
4.6335,CubeBlue,-0.0027,-0.0135,0.0143,0.9998,0
4.7424,CubeRed,-0.0110,0.0796,-0.0194,0.9966,0
4.7427,CubeBlue,-0.0032,-0.0135,0.0142,0.9998,0
4.7744,CubeRed,-0.0016,0.0816,-0.0186,0.9965,0
4.7748,CubeBlue,-0.0030,-0.0136,0.0145,0.9998,0
4.8291,CubeRed,-0.0015,0.0844,-0.0146,0.9963,0
4.8292,CubeBlue,-0.0030,-0.0136,0.0145,0.9998,0
4.9389,CubeRed,-0.0035,0.0910,0.0016,0.9958,0
4.9390,CubeBlue,-0.0037,-0.0135,0.0142,0.9998,0
4.9675,CubeRed,-0.0081,0.0887,0.0235,0.9958,0
4.9677,CubeBlue,-0.0031,-0.0136,0.0135,0.9998,0
5.0251,CubeRed,-0.0071,0.0836,0.0304,0.9960,0
5.0253,CubeBlue,-0.0031,-0.0136,0.0142,0.9998,0
5.1310,CubeRed,-0.0026,0.0766,0.0398,0.9963,0
5.1312,CubeBlue,-0.0042,-0.0135,0.0143,0.9998,0
5.1623,CubeRed,0.0069,0.0757,0.0266,0.9967,0
5.1624,CubeBlue,-0.0046,-0.0135,0.0137,0.9998,0
5.2178,CubeRed,0.0053,0.0682,0.0185,0.9975,0
5.2181,CubeBlue,-0.0040,-0.0136,0.0141,0.9998,0
5.3253,CubeRed,0.0027,0.0607,0.0101,0.9981,0
5.3254,CubeBlue,-0.0042,-0.0136,0.0142,0.9998,0
5.3578,CubeRed,0.0002,0.0561,-0.0014,0.9984,0
5.3582,CubeBlue,-0.0040,-0.0136,0.0141,0.9998,4
5.4124,CubeRed,0.0001,0.0561,0.0004,0.9984,0
5.4126,CubeBlue,-0.0036,-0.0136,0.0152,0.9998,4
5.5232,CubeRed,-0.0018,0.0561,0.0000,0.9984,0
5.5234,CubeBlue,-0.0035,-0.0136,0.0152,0.9998,0
5.5524,CubeRed,-0.0004,0.0560,0.0009,0.9984,0
5.5526,CubeBlue,-0.0038,-0.0137,0.0148,0.9998,2
5.6081,CubeRed,-0.0010,0.0560,0.0008,0.9984,0
5.6083,CubeBlue,-0.0038,-0.0137,0.0148,0.9998,2
5.7176,CubeRed,-0.0012,0.0560,0.0013,0.9984,0
5.7178,CubeBlue,-0.0037,-0.0137,0.0154,0.9998,0
5.7455,CubeRed,-0.0012,0.0560,0.0010,0.9984,0
5.7457,CubeBlue,-0.0033,-0.0137,0.0152,0.9998,2
5.7995,CubeRed,-0.0016,0.0560,0.0006,0.9984,0
5.7997,CubeBlue,-0.0033,-0.0137,0.0152,0.9998,2
5.9095,CubeRed,-0.0012,0.0560,0.0005,0.9984,0
5.9098,CubeBlue,-0.0040,-0.0137,0.0144,0.9998,2
5.9399,CubeRed,-0.0025,0.0560,0.0006,0.9984,0
5.9403,CubeBlue,-0.0047,-0.0137,0.0143,0.9998,0
5.9947,CubeRed,-0.0018,0.0559,0.0009,0.9984,0
5.9949,CubeBlue,-0.0038,-0.0137,0.0142,0.9998,0
6.1066,CubeRed,-0.0022,0.0559,0.0002,0.9984,0
6.1069,CubeBlue,-0.0044,-0.0137,0.0137,0.9998,0
6.1344,CubeRed,-0.0017,0.0559,0.0006,0.9984,0
6.1346,CubeBlue,-0.0035,-0.0137,0.0148,0.9998,0
6.1916,CubeRed,-0.0020,0.0559,0.0009,0.9984,0
6.1919,CubeBlue,-0.0033,-0.0137,0.0138,0.9998,0
6.3004,CubeRed,-0.0010,0.0559,0.0004,0.9984,0
6.3006,CubeBlue,-0.0032,-0.0137,0.0147,0.9998,0
6.3284,CubeRed,-0.0015,0.0559,0.0007,0.9984,0
6.3286,CubeBlue,-0.0038,-0.0137,0.0148,0.9998,0
6.3835,CubeRed,-0.0020,0.0559,-0.0002,0.9984,0
6.3836,CubeBlue,-0.0038,-0.0137,0.0148,0.9998,0
6.4946,CubeRed,-0.0012,0.0558,0.0005,0.9984,0
6.4948,CubeBlue,-0.0038,-0.0137,0.0146,0.9998,0
6.5238,CubeRed,-0.0011,0.0558,0.0007,0.9984,7
6.5245,CubeBlue,-0.0042,-0.0137,0.0151,0.9998,0
6.5777,CubeRed,-0.0009,0.0558,0.0012,0.9984,7
6.5779,CubeBlue,-0.0036,-0.0138,0.0151,0.9998,0
6.6905,CubeRed,-0.0012,0.0558,0.0016,0.9984,0
6.6908,CubeBlue,-0.0043,-0.0138,0.0144,0.9998,0
6.7190,CubeRed,-0.0015,0.0557,0.0005,0.9984,0
6.7192,CubeBlue,-0.0040,-0.0138,0.0141,0.9998,0
6.7753,CubeRed,-0.0015,0.0557,0.0002,0.9984,0
6.7754,CubeBlue,-0.0038,-0.0138,0.0144,0.9998,0
6.8817,CubeRed,-0.0017,0.0557,0.0006,0.9984,0
6.8819,CubeBlue,-0.0042,-0.0138,0.0147,0.9998,0
6.9126,CubeRed,-0.0022,0.0556,0.0010,0.9984,0
6.9129,CubeBlue,-0.0039,-0.0138,0.0139,0.9998,0
6.9669,CubeRed,-0.0022,0.0556,0.0010,0.9984,0
6.9671,CubeBlue,-0.0044,-0.0138,0.0139,0.9998,0
7.0772,CubeRed,-0.0013,0.0556,0.0008,0.9985,0
7.0774,CubeBlue,-0.0035,-0.0138,0.0140,0.9998,0
7.1078,CubeRed,-0.0007,0.0556,0.0013,0.9985,0
7.1084,CubeBlue,-0.0042,-0.0138,0.0140,0.9998,0
7.1613,CubeRed,-0.0008,0.0556,0.0013,0.9985,0
7.1615,CubeBlue,-0.0042,-0.0138,0.0140,0.9998,0
7.2745,CubeRed,-0.0013,0.0555,0.0013,0.9985,0
7.2747,CubeBlue,-0.0046,-0.0016,0.0122,0.9999,0
7.3009,CubeRed,-0.0017,0.0555,0.0010,0.9985,0
7.3011,CubeBlue,-0.0044,-0.0252,0.0154,0.9996,0
7.3580,CubeRed,-0.0018,0.0555,0.0009,0.9985,0
7.3582,CubeBlue,-0.0043,-0.0347,0.0164,0.9993,0
7.4668,CubeRed,-0.0023,0.0555,0.0007,0.9985,0
7.4671,CubeBlue,-0.0032,-0.0332,0.0158,0.9993,0
7.4961,CubeRed,-0.0017,0.0554,0.0009,0.9985,0
7.4963,CubeBlue,-0.0045,-0.0326,0.0160,0.9993,0
7.5496,CubeRed,-0.0017,0.0554,0.0009,0.9985,0
7.5498,CubeBlue,-0.0045,-0.0326,0.0160,0.9993,0
7.6612,CubeRed,-0.0015,0.0554,0.0006,0.9985,0
7.6614,CubeBlue,-0.0045,-0.0056,0.0163,0.9998,0
7.6901,CubeRed,-0.0017,0.0554,0.0009,0.9985,0
7.6907,CubeBlue,-0.0379,-0.0101,0.0040,0.9992,7
7.7438,CubeRed,-0.0017,0.0554,0.0008,0.9985,0
7.7440,CubeBlue,-0.0208,0.0238,-0.0399,0.9987,7
7.8556,CubeRed,-0.0008,0.0554,0.0012,0.9985,0
7.8558,CubeBlue,0.0004,0.0540,-0.1101,0.9925,0
7.8839,CubeRed,-0.0010,0.0554,0.0013,0.9985,0
7.8840,CubeBlue,-0.0103,0.0371,-0.1035,0.9939,0
7.9388,CubeRed,-0.0007,0.0553,0.0009,0.9985,0
7.9390,CubeBlue,-0.0231,0.0292,-0.0885,0.9954,0
8.0465,CubeRed,-0.0012,0.0553,0.0008,0.9985,0
8.0467,CubeBlue,-0.0303,0.0153,-0.0714,0.9969,0
8.0786,CubeRed,-0.0019,0.0553,0.0000,0.9985,0
8.0787,CubeBlue,-0.0075,0.0114,-0.0562,0.9983,0
8.1342,CubeRed,-0.0019,0.0553,0.0000,0.9985,0
8.1344,CubeBlue,-0.0075,0.0114,-0.0562,0.9983,0
8.2453,CubeRed,-0.0017,0.0553,0.0015,0.9985,0
8.2455,CubeBlue,-0.0004,0.0066,-0.0348,0.9994,0
8.2757,CubeRed,-0.0010,0.0552,0.0007,0.9985,0
8.2762,CubeBlue,-0.0271,-0.0209,0.0112,0.9994,3
8.3282,CubeRed,-0.0012,0.0552,0.0012,0.9985,0
8.3285,CubeBlue,-0.0276,-0.0251,0.0182,0.9991,0
8.4419,CubeRed,-0.0009,0.0552,0.0006,0.9985,0
8.4421,CubeBlue,-0.0230,-0.0266,0.0163,0.9992,0
8.4679,CubeRed,-0.0018,0.0552,0.0015,0.9985,0
8.4680,CubeBlue,-0.0007,-0.0237,0.0199,0.9995,0
8.5217,CubeRed,-0.0021,0.0551,0.0011,0.9985,0
8.5219,CubeBlue,-0.0021,-0.0237,0.0175,0.9996,0
8.6336,CubeRed,-0.0010,0.0551,0.0009,0.9985,0
8.6337,CubeBlue,-0.0021,-0.0236,0.0141,0.9996,0
8.6620,CubeRed,-0.0016,0.0551,0.0007,0.9985,0
8.6621,CubeBlue,-0.0030,-0.0236,0.0144,0.9996,0
8.7165,CubeRed,-0.0016,0.0551,0.0007,0.9985,0
8.7167,CubeBlue,-0.0044,-0.0236,0.0146,0.9996,0
8.8257,CubeRed,-0.0023,0.0551,0.0003,0.9985,0
8.8259,CubeBlue,-0.0043,-0.0236,0.0133,0.9996,0
8.8572,CubeRed,-0.0020,0.0551,0.0009,0.9985,0
8.8577,CubeBlue,-0.0037,-0.0236,0.0135,0.9996,0
8.9132,CubeRed,-0.0018,0.0551,0.0004,0.9985,0
8.9134,CubeBlue,-0.0033,-0.0236,0.0131,0.9996,0
9.0230,CubeRed,-0.0012,0.0551,0.0011,0.9985,0
9.0232,CubeBlue,-0.0039,-0.0236,0.0137,0.9996,0
9.0502,CubeRed,-0.0025,0.0551,0.0008,0.9985,0
9.0504,CubeBlue,-0.0038,-0.0235,0.0143,0.9996,0
9.1059,CubeRed,-0.0019,0.0551,0.0013,0.9985,0
9.1060,CubeBlue,-0.0036,-0.0235,0.0136,0.9996,0
9.2159,CubeRed,-0.0014,0.0550,0.0012,0.9985,0
9.2161,CubeBlue,-0.0037,-0.0235,0.0136,0.9996,0
9.2445,CubeRed,-0.0012,0.0550,0.0007,0.9985,0
9.2447,CubeBlue,-0.0036,-0.0236,0.0144,0.9996,0
9.3001,CubeRed,-0.0003,0.0550,0.0011,0.9985,0
9.3002,CubeBlue,-0.0034,-0.0236,0.0142,0.9996,0
9.4088,CubeRed,-0.0017,0.0550,0.0008,0.9985,0
9.4090,CubeBlue,-0.0039,-0.0236,0.0141,0.9996,0
9.4401,CubeRed,-0.0019,0.0550,0.0010,0.9985,0
9.4406,CubeBlue,-0.0029,-0.0236,0.0143,0.9996,0
9.4976,CubeRed,-0.0016,0.0550,0.0007,0.9985,0
9.4979,CubeBlue,-0.0036,-0.0236,0.0139,0.9996,0
9.6059,CubeRed,-0.0025,0.0549,0.0007,0.9985,0
9.6060,CubeBlue,-0.0036,-0.0236,0.0139,0.9996,0
9.6351,CubeRed,-0.0019,0.0549,0.0009,0.9985,0
9.6353,CubeBlue,-0.0038,-0.0235,0.0138,0.9996,0
9.6891,CubeRed,-0.0009,0.0549,0.0006,0.9985,0
9.6893,CubeBlue,-0.0034,-0.0235,0.0137,0.9996,0
9.8000,CubeRed,-0.0013,0.0548,0.0012,0.9985,0
9.8002,CubeBlue,-0.0036,-0.0236,0.0141,0.9996,0
9.8290,CubeRed,-0.0010,0.0548,0.0006,0.9985,0
9.8292,CubeBlue,-0.0040,-0.0236,0.0135,0.9996,0
9.8831,CubeRed,-0.0013,0.0548,0.0008,0.9985,0
9.8833,CubeBlue,-0.0036,-0.0236,0.0136,0.9996,0
9.9959,CubeRed,-0.0012,0.0548,0.0006,0.9985,0
9.9961,CubeBlue,-0.0030,-0.0236,0.0138,0.9996,0
10.0237,CubeRed,-0.0009,0.0548,0.0009,0.9985,0
10.0242,CubeBlue,-0.0035,-0.0236,0.0143,0.9996,0
10.0789,CubeRed,-0.0019,0.0548,0.0004,0.9985,0
10.0791,CubeBlue,-0.0035,-0.0236,0.0143,0.9996,0
10.1903,CubeRed,-0.0017,0.0547,0.0009,0.9985,0
10.1906,CubeBlue,-0.0035,-0.0237,0.0144,0.9996,0
10.2170,CubeRed,-0.0021,0.0547,-0.0001,0.9985,0
10.2172,CubeBlue,-0.0040,-0.0236,0.0142,0.9996,0
10.2718,CubeRed,-0.0019,0.0547,0.0003,0.9985,0
10.2720,CubeBlue,-0.0040,-0.0236,0.0142,0.9996,0
10.3808,CubeRed,-0.0014,0.0547,0.0009,0.9985,0
10.3810,CubeBlue,-0.0044,-0.0236,0.0141,0.9996,0
10.4109,CubeRed,-0.0019,0.0547,0.0008,0.9985,0
10.4111,CubeBlue,-0.0041,-0.0236,0.0139,0.9996,0
10.4664,CubeRed,-0.0021,0.0547,0.0009,0.9985,0
10.4666,CubeBlue,-0.0035,-0.0236,0.0142,0.9996,0
10.5772,CubeRed,-0.0018,0.0547,0.0004,0.9985,0
10.5773,CubeBlue,-0.0025,-0.0236,0.0146,0.9996,0
10.6063,CubeRed,-0.0118,0.0090,-0.0033,0.9999,0
10.6067,CubeBlue,-0.0030,-0.0236,0.0150,0.9996,0
10.6632,CubeRed,-0.0107,-0.0315,-0.0041,0.9994,0
10.6634,CubeBlue,-0.0030,-0.0236,0.0150,0.9996,0
10.7728,CubeRed,-0.0041,-0.0351,-0.0068,0.9994,0
10.7730,CubeBlue,-0.0035,-0.0236,0.0149,0.9996,0
10.8009,CubeRed,-0.0513,0.0437,0.0029,0.9977,0
10.8011,CubeBlue,-0.0031,-0.0237,0.0151,0.9996,0
10.8555,CubeRed,-0.0573,0.0616,-0.0150,0.9963,0
10.8557,CubeBlue,-0.0030,-0.0237,0.0151,0.9996,0
10.9657,CubeRed,-0.0582,0.1147,-0.0535,0.9903,0
10.9659,CubeBlue,-0.0036,-0.0237,0.0147,0.9996,0
10.9967,CubeRed,-0.0862,0.1644,-0.1067,0.9768,0
10.9969,CubeBlue,-0.0035,-0.0236,0.0139,0.9996,0
11.0502,CubeRed,-0.0858,0.1897,-0.1210,0.9706,0
11.0504,CubeBlue,-0.0031,-0.0236,0.0138,0.9996,0
11.1623,CubeRed,-0.0976,0.1950,-0.1952,0.9562,0
11.1625,CubeBlue,-0.0036,-0.0236,0.0138,0.9996,0
11.1918,CubeRed,-0.1086,0.1692,-0.2154,0.9556,0
11.1923,CubeBlue,-0.0037,-0.0236,0.0138,0.9996,0
11.2472,CubeRed,-0.1145,0.1558,-0.2193,0.9563,0
11.2474,CubeBlue,-0.0034,-0.0236,0.0142,0.9996,0
11.3588,CubeRed,-0.1280,0.1336,-0.2065,0.9608,0
11.3590,CubeBlue,-0.0037,-0.0236,0.0143,0.9996,0
11.3859,CubeRed,-0.1427,0.1202,-0.1552,0.9701,0
11.3861,CubeBlue,-0.0043,-0.0236,0.0145,0.9996,0
11.4380,CubeRed,-0.1427,0.1202,-0.1552,0.9701,0
11.4382,CubeBlue,-0.0043,-0.0236,0.0145,0.9996,0
11.5515,CubeRed,-0.1384,0.1237,-0.1469,0.9716,0
11.5517,CubeBlue,-0.0032,-0.0237,0.0135,0.9996,0
11.5789,CubeRed,-0.1206,0.1265,-0.1373,0.9750,0
11.5790,CubeBlue,-0.0029,-0.0237,0.0148,0.9996,0
11.6330,CubeRed,-0.1145,0.1185,-0.1336,0.9772,0
11.6331,CubeBlue,-0.0029,-0.0237,0.0144,0.9996,0
11.7414,CubeRed,-0.0965,0.1068,-0.1313,0.9808,0
11.7416,CubeBlue,-0.0035,-0.0237,0.0142,0.9996,0
11.7728,CubeRed,-0.0641,0.0750,-0.1161,0.9883,0
11.7732,CubeBlue,-0.0037,-0.0238,0.0143,0.9996,0
11.8308,CubeRed,-0.0621,0.0493,-0.1070,0.9911,0
11.8310,CubeBlue,-0.0033,-0.0238,0.0143,0.9996,0
11.9382,CubeRed,-0.0737,0.0047,-0.0865,0.9935,0
11.9384,CubeBlue,-0.0040,-0.0237,0.0144,0.9996,0
11.9673,CubeRed,-0.0836,-0.0051,-0.0563,0.9949,0
11.9675,CubeBlue,-0.0031,-0.0237,0.0143,0.9996,0
12.0227,CubeRed,-0.0792,-0.0007,-0.0511,0.9955,0
12.0229,CubeBlue,-0.0034,-0.0237,0.0142,0.9996,0
12.1306,CubeRed,-0.0755,0.0074,-0.0419,0.9962,0
12.1309,CubeBlue,-0.0031,-0.0237,0.0144,0.9996,0
12.1631,CubeRed,-0.0645,0.0302,-0.0144,0.9974,0
12.1633,CubeBlue,-0.0032,-0.0237,0.0141,0.9996,0
12.2173,CubeRed,-0.0591,0.0386,-0.0108,0.9974,0
12.2174,CubeBlue,-0.0035,-0.0237,0.0143,0.9996,0
12.3253,CubeRed,-0.0595,0.0362,-0.0074,0.9975,0
12.3255,CubeBlue,-0.0047,-0.0237,0.0143,0.9996,0
12.3577,CubeRed,-0.0622,0.0204,0.0101,0.9978,0
12.3582,CubeBlue,-0.0043,-0.0237,0.0140,0.9996,0
12.4119,CubeRed,-0.0573,0.0127,0.0150,0.9982,0
12.4121,CubeBlue,-0.0037,-0.0237,0.0141,0.9996,0
12.5224,CubeRed,-0.0405,0.0017,0.0179,0.9990,0
12.5226,CubeBlue,-0.0039,-0.0237,0.0136,0.9996,0
12.5516,CubeRed,-0.0366,-0.0047,0.0488,0.9981,0
12.5519,CubeBlue,-0.0037,-0.0238,0.0136,0.9996,0
12.6061,CubeRed,-0.0366,-0.0047,0.0488,0.9981,0
12.6063,CubeBlue,-0.0043,-0.0238,0.0145,0.9996,0
12.7165,CubeRed,-0.0365,0.0017,0.0535,0.9979,0
12.7167,CubeBlue,-0.0039,-0.0238,0.0144,0.9996,0
12.7461,CubeRed,-0.0035,0.0202,0.0171,0.9996,0
12.7462,CubeBlue,-0.0042,-0.0238,0.0139,0.9996,0
12.7998,CubeRed,-0.0031,0.0195,0.0143,0.9997,0
12.8000,CubeBlue,-0.0051,-0.0238,0.0143,0.9996,0
12.9147,CubeRed,-0.0006,0.0171,0.0098,0.9998,0
12.9149,CubeBlue,-0.0040,-0.0238,0.0139,0.9996,0
12.9406,CubeRed,-0.0019,0.0112,0.0077,0.9999,0
12.9411,CubeBlue,-0.0039,-0.0237,0.0134,0.9996,0
12.9963,CubeRed,-0.0031,0.0091,0.0099,0.9999,0
12.9965,CubeBlue,-0.0038,-0.0238,0.0146,0.9996,0
13.1061,CubeRed,-0.0060,0.0090,0.0113,0.9999,0
13.1063,CubeBlue,-0.0043,-0.0238,0.0145,0.9996,0
13.1344,CubeRed,-0.0070,0.0090,0.0094,0.9999,0
13.1346,CubeBlue,-0.0041,-0.0238,0.0145,0.9996,0
13.1894,CubeRed,-0.0070,0.0090,0.0094,0.9999,0
13.1896,CubeBlue,-0.0041,-0.0238,0.0145,0.9996,0
13.2991,CubeRed,-0.0046,0.0089,0.0080,0.9999,0
13.2993,CubeBlue,-0.0037,-0.0238,0.0144,0.9996,0
13.3284,CubeRed,-0.0094,0.0090,0.0099,0.9999,0
13.3286,CubeBlue,-0.0034,-0.0238,0.0135,0.9996,0
13.3834,CubeRed,-0.0094,0.0090,0.0099,0.9999,0
13.3836,CubeBlue,-0.0039,-0.0238,0.0128,0.9996,0
13.4945,CubeRed,-0.0065,0.0089,0.0091,0.9999,0
13.4947,CubeBlue,-0.0028,-0.0239,0.0134,0.9996,0
13.5230,CubeRed,-0.0067,0.0089,0.0091,0.9999,0
13.5234,CubeBlue,-0.0035,-0.0239,0.0137,0.9996,0
13.5797,CubeRed,-0.0065,0.0089,0.0088,0.9999,0
13.5799,CubeBlue,-0.0035,-0.0239,0.0137,0.9996,0
13.6879,CubeRed,-0.0069,0.0089,0.0083,0.9999,0
13.6882,CubeBlue,-0.0031,-0.0239,0.0145,0.9996,0
13.7181,CubeRed,-0.0057,0.0089,0.0063,0.9999,0
13.7183,CubeBlue,-0.0035,-0.0239,0.0143,0.9996,0
13.7724,CubeRed,-0.0057,0.0089,0.0063,0.9999,0
13.7725,CubeBlue,-0.0035,-0.0239,0.0143,0.9996,0
13.8838,CubeRed,-0.0045,0.0088,0.0057,0.9999,0
13.8840,CubeBlue,-0.0039,-0.0239,0.0138,0.9996,0
13.9118,CubeRed,-0.0031,0.0088,0.0035,1.0000,0
13.9121,CubeBlue,-0.0037,-0.0238,0.0136,0.9996,0
13.9667,CubeRed,-0.0028,0.0088,0.0031,1.0000,0
13.9669,CubeBlue,-0.0037,-0.0238,0.0136,0.9996,0
14.0786,CubeRed,-0.0021,0.0088,0.0032,1.0000,0
14.0787,CubeBlue,-0.0028,-0.0238,0.0134,0.9996,0
14.1072,CubeRed,-0.0014,0.0088,0.0021,1.0000,0
14.1076,CubeBlue,-0.0045,-0.0238,0.0147,0.9996,0
14.1623,CubeRed,-0.0014,0.0088,0.0021,1.0000,0
14.1624,CubeBlue,-0.0035,-0.0238,0.0147,0.9996,0
14.2729,CubeRed,-0.0023,0.0088,0.0015,1.0000,0
14.2731,CubeBlue,-0.0049,-0.0238,0.0142,0.9996,0
14.3002,CubeRed,-0.0016,0.0088,0.0011,1.0000,0
14.3003,CubeBlue,-0.0052,-0.0238,0.0135,0.9996,0
14.3555,CubeRed,-0.0012,0.0087,0.0016,1.0000,0
14.3557,CubeBlue,-0.0043,-0.0239,0.0141,0.9996,0
14.4634,CubeRed,-0.0020,0.0087,0.0014,1.0000,0
14.4635,CubeBlue,-0.0040,-0.0239,0.0142,0.9996,0
14.4947,CubeRed,-0.0024,0.0087,0.0014,1.0000,0
14.4948,CubeBlue,-0.0035,-0.0239,0.0142,0.9996,0
14.5512,CubeRed,-0.0026,0.0087,0.0010,1.0000,0
14.5514,CubeBlue,-0.0033,-0.0239,0.0137,0.9996,0
14.6607,CubeRed,-0.0015,0.0087,0.0013,1.0000,0
14.6608,CubeBlue,-0.0025,-0.0239,0.0144,0.9996,0
14.6895,CubeRed,-0.0011,0.0087,0.0015,1.0000,0
14.6900,CubeBlue,-0.0030,-0.0239,0.0147,0.9996,0
14.7448,CubeRed,-0.0020,0.0086,0.0019,1.0000,0
14.7451,CubeBlue,-0.0040,-0.0239,0.0142,0.9996,0
14.8567,CubeRed,-0.0026,0.0086,0.0010,1.0000,0
14.8570,CubeBlue,-0.0040,-0.0239,0.0133,0.9996,0
14.8838,CubeRed,-0.0022,0.0086,0.0007,1.0000,0
14.8840,CubeBlue,-0.0046,-0.0239,0.0141,0.9996,0
14.9382,CubeRed,-0.0022,0.0086,0.0007,1.0000,0
14.9384,CubeBlue,-0.0039,-0.0239,0.0136,0.9996,0
15.0459,CubeRed,-0.0017,0.0086,0.0014,1.0000,0
15.0461,CubeBlue,-0.0041,-0.0239,0.0140,0.9996,0
15.0778,CubeRed,-0.0014,0.0085,0.0020,1.0000,0
15.0779,CubeBlue,-0.0032,-0.0239,0.0150,0.9996,0
15.1337,CubeRed,-0.0011,0.0085,0.0012,1.0000,0
15.1339,CubeBlue,-0.0037,-0.0239,0.0142,0.9996,0
15.2438,CubeRed,-0.0006,0.0085,0.0022,1.0000,0
15.2440,CubeBlue,-0.0031,-0.0239,0.0136,0.9996,0
15.2735,CubeRed,-0.0009,0.0085,0.0018,1.0000,0
15.2741,CubeBlue,-0.0034,-0.0240,0.0139,0.9996,0
15.3277,CubeRed,-0.0009,0.0085,0.0018,1.0000,0
15.3298,CubeBlue,-0.0036,-0.0240,0.0142,0.9996,0
15.4390,CubeRed,-0.0016,0.0085,0.0014,1.0000,0
15.4392,CubeBlue,-0.0039,-0.0240,0.0139,0.9996,0
15.4678,CubeRed,-0.0021,0.0084,0.0013,1.0000,0
15.4679,CubeBlue,-0.0041,-0.0240,0.0140,0.9996,0
15.5219,CubeRed,-0.0011,0.0084,0.0011,1.0000,0
15.5221,CubeBlue,-0.0041,-0.0240,0.0140,0.9996,0
15.6339,CubeRed,-0.0022,0.0084,0.0015,1.0000,0
15.6340,CubeBlue,-0.0041,-0.0240,0.0143,0.9996,0
15.6620,CubeRed,-0.0016,0.0084,0.0019,1.0000,0
15.6622,CubeBlue,-0.0046,-0.0240,0.0138,0.9996,0
15.7155,CubeRed,-0.0016,0.0083,0.0013,1.0000,0
15.7157,CubeBlue,-0.0043,-0.0240,0.0139,0.9996,0
15.8290,CubeRed,-0.0009,0.0083,0.0013,1.0000,0
15.8291,CubeBlue,-0.0040,-0.0240,0.0140,0.9996,0
15.8578,CubeRed,-0.0020,0.0083,0.0020,1.0000,0
15.8583,CubeBlue,-0.0040,-0.0240,0.0141,0.9996,0
15.9109,CubeRed,-0.0023,0.0083,0.0018,1.0000,0
15.9111,CubeBlue,-0.0040,-0.0240,0.0141,0.9996,0
16.0224,CubeRed,-0.0014,0.0083,0.0012,1.0000,0
16.0226,CubeBlue,-0.0028,-0.0240,0.0140,0.9996,0
16.0496,CubeRed,-0.0015,0.0082,0.0015,1.0000,0
16.0497,CubeBlue,-0.0033,-0.0240,0.0148,0.9996,0
16.1044,CubeRed,-0.0009,0.0082,0.0006,1.0000,0
16.1047,CubeBlue,-0.0030,-0.0240,0.0141,0.9996,0
16.2138,CubeRed,-0.0014,0.0082,0.0021,1.0000,0
16.2140,CubeBlue,-0.0036,-0.0240,0.0144,0.9996,0
16.2432,CubeRed,-0.0016,0.0082,0.0018,1.0000,0
16.2435,CubeBlue,-0.0040,-0.0240,0.0143,0.9996,0
16.2996,CubeRed,-0.0006,0.0081,0.0016,1.0000,0
16.2998,CubeBlue,-0.0037,-0.0361,0.0169,0.9992,0
16.4108,CubeRed,-0.0009,0.0081,0.0014,1.0000,0
16.4110,CubeBlue,-0.0037,-0.0525,0.0200,0.9984,0
16.4395,CubeRed,-0.0017,0.0081,0.0012,1.0000,0
16.4399,CubeBlue,-0.0019,-0.0561,0.0188,0.9982,0
16.4938,CubeRed,-0.0021,0.0081,0.0015,1.0000,0
16.4939,CubeBlue,-0.0006,-0.0686,0.0197,0.9975,0
16.6027,CubeRed,-0.0010,0.0081,0.0018,1.0000,0
16.6029,CubeBlue,-0.0004,-0.0916,0.0227,0.9955,0
16.6349,CubeRed,-0.0013,0.0081,0.0006,1.0000,0
16.6351,CubeBlue,-0.0004,-0.0908,0.0419,0.9950,0
16.6888,CubeRed,-0.0018,0.0081,0.0009,1.0000,0
16.6890,CubeBlue,-0.0005,-0.0957,0.0446,0.9944,0
16.7996,CubeRed,-0.0016,0.0081,0.0016,1.0000,0
16.7999,CubeBlue,-0.0011,-0.1237,0.0475,0.9912,0
16.8292,CubeRed,-0.0018,0.0080,0.0015,1.0000,0
16.8294,CubeBlue,-0.0153,-0.1849,0.0581,0.9809,0
16.8845,CubeRed,-0.0010,0.0080,0.0016,1.0000,0
16.8846,CubeBlue,-0.0290,-0.2214,0.0581,0.9730,0
16.9951,CubeRed,-0.0019,0.0080,0.0014,1.0000,0
16.9952,CubeBlue,-0.0502,-0.2964,0.0531,0.9523,0
17.0235,CubeRed,-0.0009,0.0080,0.0011,1.0000,0
17.0240,CubeBlue,-0.0729,-0.3766,0.0837,0.9197,0
17.0770,CubeRed,-0.0006,0.0080,0.0020,1.0000,0
17.0772,CubeBlue,-0.0729,-0.3766,0.0837,0.9197,0
17.1893,CubeRed,-0.0006,0.0080,0.0020,1.0000,0
17.1895,CubeBlue,-0.0800,-0.3882,0.0894,0.9137,0
17.2166,CubeRed,-0.0019,0.0080,0.0013,1.0000,0
17.2168,CubeBlue,-0.0777,-0.3904,0.0865,0.9133,0
17.2717,CubeRed,-0.0023,0.0080,0.0009,1.0000,0
17.2719,CubeBlue,-0.0714,-0.3912,0.0718,0.9147,0
17.3833,CubeRed,-0.0008,0.0079,0.0017,1.0000,0
17.3835,CubeBlue,-0.0792,-0.4167,0.0527,0.9040,0
17.4106,CubeRed,-0.0015,0.0079,0.0014,1.0000,0
17.4109,CubeBlue,-0.0941,-0.4443,0.0396,0.8900,29
17.4670,CubeRed,-0.0017,0.0079,0.0020,1.0000,0
17.4672,CubeBlue,-0.0977,-0.4513,0.0373,0.8862,29
17.5756,CubeRed,-0.0015,0.0079,0.0016,1.0000,0
17.5759,CubeBlue,-0.1089,-0.4765,0.0157,0.8722,32
17.6053,CubeRed,-0.0014,0.0078,0.0010,1.0000,0
17.6058,CubeBlue,-0.1699,-0.5302,-0.0673,0.8280,0
17.6610,CubeRed,-0.0009,0.0078,0.0019,1.0000,0
17.6612,CubeBlue,-0.1800,-0.5403,-0.0968,0.8163,0
17.7685,CubeRed,-0.0019,0.0078,0.0020,1.0000,0
17.7687,CubeBlue,-0.1921,-0.5522,-0.1350,0.8000,0
17.8016,CubeRed,-0.0021,0.0078,0.0019,1.0000,0
17.8018,CubeBlue,-0.2365,-0.6091,-0.2454,0.7161,19
17.8555,CubeRed,-0.0016,0.0078,0.0012,1.0000,0
17.8557,CubeBlue,-0.2558,-0.6152,-0.2788,0.6916,26
17.9664,CubeRed,-0.0015,0.0078,0.0016,1.0000,0
17.9666,CubeBlue,-0.2743,-0.6096,-0.3702,0.6450,26
17.9956,CubeRed,-0.0013,0.0078,0.0007,1.0000,0
17.9958,CubeBlue,-0.2928,-0.5747,-0.5088,0.5702,53
18.0520,CubeRed,-0.0019,0.0078,0.0013,1.0000,0
18.0522,CubeBlue,-0.3029,-0.5607,-0.5426,0.5472,53
18.1607,CubeRed,-0.0008,0.0078,0.0014,1.0000,0
18.1609,CubeBlue,-0.3226,-0.5338,-0.5945,0.5075,58
18.1909,CubeRed,-0.0006,0.0077,0.0016,1.0000,0
18.1918,CubeBlue,-0.3409,-0.4851,-0.6665,0.4518,50
18.2441,CubeRed,-0.0006,0.0077,0.0016,1.0000,0
18.2443,CubeBlue,-0.3409,-0.4700,-0.6891,0.4337,50
18.3560,CubeRed,-0.0015,0.0077,0.0021,1.0000,0
18.3562,CubeBlue,-0.3429,-0.4568,-0.7058,0.4190,27
18.3838,CubeRed,-0.0016,0.0077,0.0024,1.0000,0
18.3841,CubeBlue,-0.3476,-0.3971,-0.7692,0.3603,86
18.4382,CubeRed,-0.0016,0.0077,0.0015,1.0000,0
18.4384,CubeBlue,-0.3479,-0.3868,-0.7766,0.3552,86
18.5468,CubeRed,-0.0015,0.0077,0.0018,1.0000,0
18.5470,CubeBlue,-0.3484,-0.3802,-0.7793,0.3560,86
18.5765,CubeRed,-0.0011,0.0077,0.0020,1.0000,0
18.5768,CubeBlue,-0.3470,-0.3727,-0.7704,0.3836,65
18.6355,CubeRed,-0.0021,0.0077,0.0017,1.0000,0
18.6357,CubeBlue,-0.3502,-0.3724,-0.7642,0.3933,35
18.7439,CubeRed,-0.0015,0.0076,0.0009,1.0000,0
18.7442,CubeBlue,-0.3605,-0.3723,-0.7244,0.4546,35
18.7742,CubeRed,-0.0017,0.0076,0.0012,1.0000,0
18.7747,CubeBlue,-0.3953,-0.4103,-0.5776,0.5846,40
18.8276,CubeRed,-0.0017,0.0076,0.0012,1.0000,0
18.8279,CubeBlue,-0.3953,-0.4103,-0.5776,0.5846,40
18.9381,CubeRed,-0.0017,0.0076,0.0020,1.0000,0
18.9384,CubeBlue,-0.4049,-0.4132,-0.5383,0.6128,7
18.9658,CubeRed,-0.0015,0.0076,0.0015,1.0000,0
18.9660,CubeBlue,-0.4265,-0.3707,-0.3957,0.7240,9
19.0211,CubeRed,-0.0015,0.0076,0.0015,1.0000,0
19.0213,CubeBlue,-0.4156,-0.3530,-0.3609,0.7566,9
19.1295,CubeRed,-0.0018,0.0076,0.0020,1.0000,0
19.1297,CubeBlue,-0.3709,-0.2905,-0.3067,0.8270,0
19.1616,CubeRed,-0.0020,0.0076,0.0012,1.0000,0
19.1618,CubeBlue,-0.2661,-0.2349,-0.2485,0.9012,0
19.2171,CubeRed,-0.0013,0.0076,0.0015,1.0000,0
19.2173,CubeBlue,-0.2661,-0.2349,-0.2485,0.9012,0
19.3241,CubeRed,-0.0020,0.0076,0.0016,1.0000,0
19.3244,CubeBlue,-0.2064,-0.2280,-0.2025,0.9297,0
19.3564,CubeRed,-0.0015,0.0075,0.0014,1.0000,0
19.3569,CubeBlue,-0.1314,-0.2235,-0.1569,0.9530,0
19.4113,CubeRed,-0.0015,0.0075,0.0014,1.0000,0
19.4114,CubeBlue,-0.1314,-0.2235,-0.1569,0.9530,0
19.5217,CubeRed,-0.0014,0.0075,0.0014,1.0000,0
19.5219,CubeBlue,-0.1171,-0.2217,-0.1248,0.9600,3
19.5535,CubeRed,-0.0013,0.0075,0.0012,1.0000,0
19.5538,CubeBlue,-0.1082,-0.2170,-0.0962,0.9654,0
19.6048,CubeRed,-0.0017,0.0075,0.0009,1.0000,0
19.6050,CubeBlue,-0.0723,-0.2058,-0.0587,0.9742,0
19.7174,CubeRed,-0.0014,0.0075,0.0006,1.0000,0
19.7176,CubeBlue,-0.0547,-0.2092,-0.0541,0.9748,0
19.7447,CubeRed,-0.0014,0.0074,0.0012,1.0000,0
19.7449,CubeBlue,-0.0355,-0.2046,-0.0458,0.9771,0
19.8012,CubeRed,-0.0010,0.0074,0.0016,1.0000,0
19.8014,CubeBlue,-0.0373,-0.2031,-0.0581,0.9767,0
19.9089,CubeRed,-0.0020,0.0074,0.0014,1.0000,0
19.9091,CubeBlue,-0.0163,-0.2086,-0.0529,0.9764,0
19.9396,CubeRed,-0.0025,0.0074,0.0016,1.0000,0
19.9400,CubeBlue,-0.0012,-0.2210,-0.0421,0.9744,0
19.9938,CubeRed,-0.0018,0.0074,0.0009,1.0000,0
19.9940,CubeBlue,-0.0012,-0.2210,-0.0421,0.9744,0
20.1029,CubeRed,-0.0018,0.0073,0.0020,1.0000,0
20.1031,CubeBlue,-0.0016,-0.2210,-0.0369,0.9746,0
20.1336,CubeRed,-0.0014,0.0073,0.0019,1.0000,0
20.1338,CubeBlue,-0.0023,-0.2211,-0.0288,0.9748,0
20.1891,CubeRed,-0.0023,0.0073,0.0017,1.0000,0
20.1893,CubeBlue,-0.0024,-0.2211,-0.0271,0.9749,0
20.2989,CubeRed,-0.0016,0.0073,0.0011,1.0000,0
20.2991,CubeBlue,-0.0025,-0.2211,-0.0254,0.9749,0
20.3274,CubeRed,-0.0005,0.0073,0.0011,1.0000,0
20.3276,CubeBlue,-0.0029,-0.2212,-0.0195,0.9750,0
20.3852,CubeRed,-0.0016,0.0073,0.0014,1.0000,0
20.3854,CubeBlue,-0.0029,-0.2212,-0.0195,0.9750,0
20.4938,CubeRed,-0.0016,0.0073,0.0014,1.0000,0
20.4940,CubeBlue,-0.0032,-0.2212,-0.0169,0.9751,0
20.5237,CubeRed,-0.0023,0.0072,0.0017,1.0000,0
20.5242,CubeBlue,-0.0034,-0.2213,-0.0131,0.9751,0
20.5769,CubeRed,-0.0016,0.0072,0.0010,1.0000,0
20.5771,CubeBlue,-0.0034,-0.2213,-0.0118,0.9751,0
20.6887,CubeRed,-0.0023,0.0072,0.0014,1.0000,0
20.6889,CubeBlue,-0.0037,-0.2213,-0.0095,0.9752,0
20.7182,CubeRed,-0.0022,0.0071,0.0009,1.0000,0
20.7184,CubeBlue,-0.0039,-0.2213,-0.0060,0.9752,0
20.7717,CubeRed,-0.0012,0.0071,0.0007,1.0000,0
20.7719,CubeBlue,-0.0039,-0.2213,-0.0060,0.9752,0
20.8860,CubeRed,-0.0012,0.0071,0.0013,1.0000,0
20.8862,CubeBlue,-0.0040,-0.2213,-0.0037,0.9752,0
20.9128,CubeRed,-0.0012,0.0071,0.0014,1.0000,0
20.9130,CubeBlue,-0.0044,-0.2213,0.0008,0.9752,0
20.9671,CubeRed,-0.0022,0.0071,0.0016,1.0000,0
20.9673,CubeBlue,-0.0047,-0.2213,0.0019,0.9752,0
21.0789,CubeRed,-0.0008,0.0070,0.0009,1.0000,0
21.0792,CubeBlue,-0.0047,-0.2213,0.0041,0.9752,0
21.1075,CubeRed,-0.0011,0.0070,0.0017,1.0000,0
21.1080,CubeBlue,-0.0048,-0.2213,0.0074,0.9752,0
21.1600,CubeRed,-0.0019,0.0070,0.0005,1.0000,0
21.1602,CubeBlue,-0.0048,-0.2213,0.0074,0.9752,0
21.2730,CubeRed,-0.0024,0.0069,0.0006,1.0000,0
21.2732,CubeBlue,-0.0054,-0.2213,0.0089,0.9752,0
21.3002,CubeRed,-0.0022,0.0069,0.0011,1.0000,0
21.3003,CubeBlue,-0.0057,-0.2213,0.0115,0.9751,0
21.3543,CubeRed,-0.0022,0.0069,0.0011,1.0000,0
21.3544,CubeBlue,-0.0057,-0.2213,0.0115,0.9751,0
21.4635,CubeRed,-0.0021,0.0069,0.0006,1.0000,0
21.4638,CubeBlue,-0.0050,-0.2213,0.0104,0.9751,0
21.4954,CubeRed,-0.0023,0.0069,0.0012,1.0000,0
21.4955,CubeBlue,-0.0055,-0.2213,0.0099,0.9751,0
21.5514,CubeRed,-0.0017,0.0069,0.0011,1.0000,0
21.5516,CubeBlue,-0.0063,-0.2213,0.0105,0.9751,0
21.6581,CubeRed,-0.0020,0.0069,0.0013,1.0000,0
21.6584,CubeBlue,-0.0056,-0.2213,0.0108,0.9751,0
21.6888,CubeRed,-0.0010,0.0068,0.0019,1.0000,0
21.6892,CubeBlue,-0.0051,-0.2213,0.0111,0.9751,0
21.7443,CubeRed,-0.0016,0.0068,0.0017,1.0000,0
21.7445,CubeBlue,-0.0052,-0.2213,0.0100,0.9751,0
21.8553,CubeRed,-0.0012,0.0068,0.0016,1.0000,0
21.8554,CubeBlue,-0.0048,-0.2213,0.0115,0.9751,0
21.8834,CubeRed,-0.0011,0.0068,0.0014,1.0000,0
21.8835,CubeBlue,-0.0049,-0.2213,0.0114,0.9751,0
21.9381,CubeRed,-0.0011,0.0068,0.0019,1.0000,0
21.9382,CubeBlue,-0.0049,-0.2213,0.0114,0.9751,0
22.0459,CubeRed,-0.0020,0.0068,0.0018,1.0000,0
22.0461,CubeBlue,-0.0057,-0.2213,0.0109,0.9751,0
22.0780,CubeRed,-0.0022,0.0068,0.0015,1.0000,0
22.0782,CubeBlue,-0.0057,-0.2213,0.0100,0.9751,0
22.1356,CubeRed,-0.0011,0.0068,0.0013,1.0000,0
22.1358,CubeBlue,-0.0047,-0.2213,0.0107,0.9751,0
22.2428,CubeRed,-0.0009,0.0068,0.0018,1.0000,0
22.2429,CubeBlue,-0.0047,-0.2214,0.0103,0.9751,0
22.2735,CubeRed,-0.0015,0.0068,0.0010,1.0000,0
22.2740,CubeBlue,-0.0100,-0.1877,0.0222,0.9819,0
22.3270,CubeRed,-0.0019,0.0067,0.0008,1.0000,0
22.3271,CubeBlue,-0.0134,-0.1955,0.0492,0.9794,0
22.4378,CubeRed,-0.0008,0.0067,0.0007,1.0000,0
22.4380,CubeBlue,-0.0128,-0.1900,0.0517,0.9803,0
22.4660,CubeRed,-0.0015,0.0066,0.0013,1.0000,0
22.4662,CubeBlue,-0.0134,-0.1937,0.0542,0.9795,0
22.5213,CubeRed,-0.0010,0.0066,0.0016,1.0000,0
22.5214,CubeBlue,-0.0100,-0.1875,0.0265,0.9818,0
22.6295,CubeRed,-0.0018,0.0066,0.0009,1.0000,0
22.6298,CubeBlue,-0.0133,-0.1919,-0.0044,0.9813,0
22.6600,CubeRed,-0.0010,0.0066,0.0010,1.0000,0
22.6603,CubeBlue,-0.0401,-0.2051,-0.0438,0.9769,1
22.7180,CubeRed,-0.0010,0.0066,0.0010,1.0000,0
22.7181,CubeBlue,-0.0548,-0.2143,-0.0625,0.9732,1
22.8271,CubeRed,-0.0014,0.0066,0.0014,1.0000,0
22.8273,CubeBlue,-0.0651,-0.2214,-0.0851,0.9693,1
22.8564,CubeRed,-0.0020,0.0066,0.0012,1.0000,0
22.8569,CubeBlue,-0.0958,-0.2569,-0.1355,0.9521,0
22.9101,CubeRed,-0.0017,0.0066,0.0009,1.0000,0
22.9103,CubeBlue,-0.0964,-0.2616,-0.1315,0.9513,0
23.0227,CubeRed,-0.0017,0.0066,0.0012,1.0000,0
23.0229,CubeBlue,-0.0750,-0.2667,-0.1124,0.9543,0
23.0492,CubeRed,-0.0013,0.0065,0.0009,1.0000,0
23.0494,CubeBlue,-0.0428,-0.2557,-0.0878,0.9618,0
23.1034,CubeRed,-0.0013,0.0065,0.0009,1.0000,0
23.1036,CubeBlue,-0.0283,-0.2503,-0.0741,0.9649,0
23.2125,CubeRed,-0.0012,0.0065,0.0014,1.0000,0
23.2127,CubeBlue,-0.0021,-0.2417,-0.0356,0.9697,0
23.2427,CubeRed,-0.0007,0.0065,0.0013,1.0000,0
23.2429,CubeBlue,0.0277,-0.2335,0.0095,0.9719,0
23.3012,CubeRed,-0.0011,0.0064,0.0014,1.0000,0
23.3014,CubeBlue,0.0400,-0.2301,0.0291,0.9719,0
23.4059,CubeRed,-0.0015,0.0064,0.0012,1.0000,0
23.4061,CubeBlue,0.0400,-0.2301,0.0291,0.9719,0
23.4387,CubeRed,0.0032,0.0066,-0.0029,1.0000,0
23.4392,CubeBlue,0.0543,-0.2248,0.0394,0.9721,0
23.4942,CubeRed,0.0025,0.0091,-0.0029,1.0000,0
23.4944,CubeBlue,0.0569,-0.2289,0.0453,0.9707,0
23.6004,CubeRed,-0.0013,0.0111,0.0001,0.9999,5
23.6006,CubeBlue,0.0628,-0.2282,0.0606,0.9697,0
23.6185,CubeRed,0.0017,0.0110,-0.0023,0.9999,0
23.6187,CubeBlue,0.0280,-0.1638,0.0507,0.9848,0
23.6745,CubeRed,0.0017,0.0110,-0.0023,0.9999,0
23.6747,CubeBlue,0.0280,-0.1638,0.0507,0.9848,0
23.7822,CubeRed,0.0015,0.0110,-0.0024,0.9999,0
23.7824,CubeBlue,0.0246,-0.1082,0.0309,0.9933,0
23.8128,CubeRed,0.0018,0.0110,-0.0027,0.9999,0
23.8130,CubeBlue,0.0132,-0.0950,0.0233,0.9951,0
23.8699,CubeRed,0.0014,0.0110,-0.0024,0.9999,0
23.8701,CubeBlue,0.0110,-0.0950,0.0222,0.9952,0
23.9788,CubeRed,0.0007,0.0110,-0.0020,0.9999,0
23.9790,CubeBlue,0.0110,-0.0950,0.0222,0.9952,0
24.0097,CubeRed,-0.0007,0.0109,0.0003,0.9999,0
24.0101,CubeBlue,0.0039,-0.0949,0.0186,0.9953,0
24.0630,CubeRed,-0.0007,0.0109,0.0014,0.9999,0
24.0632,CubeBlue,0.0025,-0.0949,0.0178,0.9953,0
24.1741,CubeRed,-0.0018,0.0109,0.0015,0.9999,0
24.1743,CubeBlue,-0.0002,-0.0948,0.0162,0.9954,2
24.2024,CubeRed,-0.0017,0.0108,0.0020,0.9999,0
24.2026,CubeBlue,-0.0038,-0.0948,0.0145,0.9954,0
24.2572,CubeRed,-0.0024,0.0108,0.0021,0.9999,0
24.2573,CubeBlue,-0.0050,-0.0948,0.0139,0.9954,0
24.3654,CubeRed,-0.0012,0.0108,0.0021,0.9999,0
24.3657,CubeBlue,-0.0044,-0.0948,0.0148,0.9954,0
24.3975,CubeRed,-0.0011,0.0108,0.0020,0.9999,0
24.3976,CubeBlue,-0.0052,-0.0948,0.0142,0.9954,0
24.4527,CubeRed,-0.0011,0.0108,0.0020,0.9999,0
24.4528,CubeBlue,-0.0055,-0.0948,0.0139,0.9954,9
24.5602,CubeRed,-0.0019,0.0107,0.0018,0.9999,0
24.5604,CubeBlue,-0.0057,-0.0948,0.0145,0.9954,9
24.5929,CubeRed,-0.0010,0.0107,0.0024,0.9999,0
24.5934,CubeBlue,-0.0051,-0.0948,0.0147,0.9954,0
24.6471,CubeRed,-0.0008,0.0106,0.0025,0.9999,0
24.6473,CubeBlue,-0.0057,-0.0948,0.0138,0.9954,0
24.7583,CubeRed,-0.0012,0.0107,0.0023,0.9999,0
24.7585,CubeBlue,-0.0060,-0.0948,0.0136,0.9954,2
24.7859,CubeRed,-0.0023,0.0106,0.0015,0.9999,0
24.7861,CubeBlue,-0.0056,-0.0948,0.0131,0.9954,0
24.8397,CubeRed,-0.0021,0.0106,0.0011,0.9999,0
24.8399,CubeBlue,-0.0054,-0.0948,0.0138,0.9954,0
24.9500,CubeRed,-0.0024,0.0107,0.0016,0.9999,0
24.9503,CubeBlue,-0.0054,-0.0948,0.0134,0.9954,0
24.9799,CubeRed,-0.0018,0.0107,0.0016,0.9999,0
24.9801,CubeBlue,-0.0055,-0.0948,0.0143,0.9954,0
25.0364,CubeRed,-0.0025,0.0107,0.0014,0.9999,0
25.0366,CubeBlue,-0.0055,-0.0948,0.0143,0.9954,0
25.1473,CubeRed,-0.0012,0.0107,0.0018,0.9999,0
25.1475,CubeBlue,-0.0054,-0.0948,0.0144,0.9954,0
25.1752,CubeRed,-0.0014,0.0106,0.0021,0.9999,0
25.1757,CubeBlue,-0.0048,-0.0948,0.0142,0.9954,0
25.2284,CubeRed,-0.0017,0.0106,0.0021,0.9999,1
25.2285,CubeBlue,-0.0054,-0.0948,0.0136,0.9954,0
25.3404,CubeRed,-0.0016,0.0106,0.0018,0.9999,1
25.3407,CubeBlue,-0.0052,-0.0948,0.0144,0.9954,0
25.3688,CubeRed,-0.0020,0.0106,0.0021,0.9999,0
25.3689,CubeBlue,-0.0055,-0.0948,0.0144,0.9954,0
25.4230,CubeRed,-0.0020,0.0106,0.0021,0.9999,0
25.4232,CubeBlue,-0.0055,-0.0948,0.0144,0.9954,0
25.5351,CubeRed,-0.0025,0.0105,0.0024,0.9999,0
25.5353,CubeBlue,-0.0060,-0.0948,0.0138,0.9954,0
25.5628,CubeRed,-0.0023,0.0105,0.0020,0.9999,0
25.5630,CubeBlue,-0.0062,-0.0948,0.0144,0.9954,0
25.6196,CubeRed,-0.0033,0.0105,0.0017,0.9999,0
25.6198,CubeBlue,-0.0064,-0.0948,0.0143,0.9954,0
25.7274,CubeRed,-0.0017,0.0105,0.0024,0.9999,0
25.7276,CubeBlue,-0.0058,-0.0948,0.0141,0.9954,0
25.7592,CubeRed,-0.0015,0.0105,0.0018,0.9999,0
25.7596,CubeBlue,-0.0059,-0.0948,0.0135,0.9954,0
25.8129,CubeRed,-0.0025,0.0105,0.0013,0.9999,0
25.8131,CubeBlue,-0.0059,-0.0948,0.0135,0.9954,0
25.9242,CubeRed,-0.0013,0.0104,0.0014,0.9999,0
25.9244,CubeBlue,-0.0052,-0.0948,0.0139,0.9954,0
25.9525,CubeRed,-0.0015,0.0104,0.0013,0.9999,0
25.9530,CubeBlue,-0.0056,-0.0948,0.0140,0.9954,0
26.0067,CubeRed,0.0014,-0.0033,-0.0026,1.0000,0
26.0069,CubeBlue,-0.0054,-0.0948,0.0142,0.9954,0
26.1177,CubeRed,-0.0257,-0.0533,0.0494,0.9970,0
26.1179,CubeBlue,-0.0057,-0.0948,0.0146,0.9954,0
26.1482,CubeRed,-0.0271,-0.1306,0.0506,0.9898,0
26.1485,CubeBlue,-0.0059,-0.0948,0.0138,0.9954,0
26.2036,CubeRed,-0.0204,-0.1532,0.0477,0.9868,0
26.2038,CubeBlue,-0.0061,-0.0948,0.0138,0.9954,0
26.3166,CubeRed,-0.0654,-0.1719,0.0367,0.9823,0
26.3168,CubeBlue,-0.0062,-0.0948,0.0142,0.9954,0
26.3420,CubeRed,-0.0945,-0.1308,-0.0301,0.9864,8
26.3425,CubeBlue,-0.0067,-0.0948,0.0135,0.9954,0
26.3951,CubeRed,-0.0945,-0.1308,-0.0301,0.9864,8
26.3953,CubeBlue,-0.0062,-0.0948,0.0134,0.9954,0
26.5076,CubeRed,-0.1061,-0.1182,-0.0395,0.9865,6
26.5078,CubeBlue,-0.0056,-0.0948,0.0138,0.9954,0
26.5356,CubeRed,-0.1364,-0.0756,-0.0667,0.9855,0
26.5358,CubeBlue,-0.0054,-0.0948,0.0135,0.9954,0
26.5903,CubeRed,-0.1555,-0.0348,-0.0806,0.9839,0
26.5905,CubeBlue,-0.0054,-0.0948,0.0135,0.9954,0
26.6990,CubeRed,-0.1750,0.0085,-0.0849,0.9809,0
26.6992,CubeBlue,-0.0051,-0.0948,0.0133,0.9954,0
26.7297,CubeRed,-0.1775,0.0506,-0.0783,0.9797,0
26.7299,CubeBlue,-0.0058,-0.0948,0.0139,0.9954,0
26.7883,CubeRed,-0.1718,0.0648,-0.0778,0.9799,0
26.7885,CubeBlue,-0.0054,-0.0948,0.0136,0.9954,0
26.8967,CubeRed,-0.1487,0.0735,-0.0707,0.9836,0
26.8969,CubeBlue,-0.0057,-0.0948,0.0131,0.9954,0
26.9259,CubeRed,-0.0963,0.0665,-0.0639,0.9911,0
26.9263,CubeBlue,-0.0061,-0.0948,0.0141,0.9954,0
26.9786,CubeRed,-0.0963,0.0665,-0.0639,0.9911,0
26.9788,CubeBlue,-0.0061,-0.0948,0.0141,0.9954,0
27.0910,CubeRed,-0.0822,0.0645,-0.0583,0.9928,0
27.0913,CubeBlue,-0.0058,-0.0948,0.0132,0.9954,0
27.1202,CubeRed,-0.0599,0.0690,-0.0361,0.9952,0
27.1203,CubeBlue,-0.0061,-0.0948,0.0138,0.9954,0
27.1732,CubeRed,-0.0632,0.0714,-0.0403,0.9946,0
27.1733,CubeBlue,-0.0056,-0.0948,0.0140,0.9954,0
27.2820,CubeRed,-0.0700,0.0825,-0.0606,0.9923,0
27.2822,CubeBlue,-0.0057,-0.0948,0.0132,0.9954,0
27.3139,CubeRed,-0.0643,0.0784,-0.0722,0.9922,0
27.3141,CubeBlue,-0.0050,-0.0949,0.0139,0.9954,0
27.3705,CubeRed,-0.0619,0.0747,-0.0684,0.9929,0
27.3706,CubeBlue,-0.0059,-0.0949,0.0132,0.9954,2
27.4804,CubeRed,-0.0610,0.0712,-0.0606,0.9937,0
27.4806,CubeBlue,-0.0056,-0.0949,0.0137,0.9954,2
27.5099,CubeRed,-0.0490,0.0678,-0.0333,0.9959,0
27.5106,CubeBlue,-0.0057,-0.0949,0.0142,0.9954,0
27.5622,CubeRed,-0.0490,0.0678,-0.0333,0.9959,0
27.5623,CubeBlue,-0.0057,-0.0949,0.0142,0.9954,0
27.6780,CubeRed,-0.0408,0.0747,-0.0297,0.9959,0
27.6783,CubeBlue,-0.0052,-0.0949,0.0136,0.9954,0
27.7030,CubeRed,-0.0600,0.0731,-0.0200,0.9953,0
27.7033,CubeBlue,-0.0059,-0.0948,0.0136,0.9954,0
27.7561,CubeRed,-0.0535,0.0736,-0.0039,0.9958,0
27.7563,CubeBlue,-0.0050,-0.0949,0.0143,0.9954,0
27.8685,CubeRed,-0.0456,0.0773,0.0128,0.9959,0
27.8687,CubeBlue,-0.0061,-0.0948,0.0137,0.9954,0
27.8965,CubeRed,-0.0256,0.0734,0.0379,0.9962,0
27.8967,CubeBlue,-0.0059,-0.0949,0.0138,0.9954,0
27.9515,CubeRed,-0.0208,0.0715,0.0351,0.9966,0
27.9517,CubeBlue,-0.0059,-0.0949,0.0138,0.9954,0
28.0631,CubeRed,-0.0181,0.0695,0.0290,0.9970,0
28.0634,CubeBlue,-0.0064,-0.0949,0.0143,0.9954,0
28.0919,CubeRed,-0.0145,0.0736,-0.0030,0.9972,0
28.0923,CubeBlue,-0.0064,-0.0949,0.0143,0.9954,0
28.1460,CubeRed,-0.0145,0.0736,-0.0030,0.9972,0
28.1462,CubeBlue,-0.0058,-0.0949,0.0142,0.9954,0
28.2573,CubeRed,-0.0058,0.0721,-0.0051,0.9974,0
28.2576,CubeBlue,-0.0050,-0.0950,0.0138,0.9954,0
28.2853,CubeRed,-0.0013,0.0688,-0.0035,0.9976,0
28.2855,CubeBlue,-0.0052,-0.0949,0.0140,0.9954,0
28.3396,CubeRed,-0.0032,0.0710,-0.0034,0.9975,0
28.3398,CubeBlue,-0.0052,-0.0949,0.0140,0.9954,0
28.4491,CubeRed,-0.0048,0.0704,-0.0050,0.9975,0
28.4492,CubeBlue,-0.0050,-0.0949,0.0129,0.9954,0
28.4798,CubeRed,-0.0271,0.0525,-0.0130,0.9982,0
28.4800,CubeBlue,-0.0056,-0.0949,0.0138,0.9954,0
28.5350,CubeRed,-0.0271,0.0525,-0.0130,0.9982,0
28.5352,CubeBlue,-0.0057,-0.0949,0.0134,0.9954,0
28.6458,CubeRed,-0.0190,0.0371,-0.0050,0.9991,0
28.6460,CubeBlue,-0.0065,-0.0949,0.0135,0.9954,0
28.6760,CubeRed,-0.0063,0.0227,0.0095,0.9997,0
28.6766,CubeBlue,-0.0065,-0.0949,0.0143,0.9954,0
28.7291,CubeRed,-0.0063,0.0227,0.0095,0.9997,0
28.7293,CubeBlue,-0.0062,-0.0949,0.0135,0.9954,0
28.8408,CubeRed,-0.0067,0.0398,0.0050,0.9992,0
28.8409,CubeBlue,-0.0053,-0.0949,0.0138,0.9954,0
28.8691,CubeRed,0.0011,0.0315,0.0134,0.9994,0
28.8693,CubeBlue,-0.0048,-0.0950,0.0138,0.9954,0
28.9253,CubeRed,0.0110,0.0216,0.0111,0.9996,0
28.9255,CubeBlue,-0.0051,-0.0949,0.0138,0.9954,0
29.0349,CubeRed,0.0110,0.0216,0.0111,0.9996,0
29.0351,CubeBlue,-0.0054,-0.0949,0.0132,0.9954,0
29.0632,CubeRed,0.0100,0.0156,0.0156,0.9997,0
29.0634,CubeBlue,-0.0052,-0.0948,0.0136,0.9954,0
29.1180,CubeRed,0.0077,0.0183,0.0156,0.9997,0
29.1182,CubeBlue,-0.0052,-0.0949,0.0142,0.9954,0
29.2275,CubeRed,0.0053,0.0214,0.0131,0.9997,0
29.2278,CubeBlue,-0.0061,-0.0948,0.0136,0.9954,0
29.2589,CubeRed,-0.0007,0.0161,0.0028,0.9999,0
29.2593,CubeBlue,-0.0051,-0.0949,0.0141,0.9954,0
29.3127,CubeRed,-0.0049,0.0087,-0.0042,0.9999,0
29.3129,CubeBlue,-0.0061,-0.0948,0.0143,0.9954,0
29.4243,CubeRed,-0.0104,-0.0334,-0.0033,0.9994,0
29.4246,CubeBlue,-0.0053,-0.0949,0.0147,0.9954,0
29.4521,CubeRed,-0.0235,-0.1112,-0.0108,0.9935,0
29.4524,CubeBlue,-0.0048,-0.0949,0.0142,0.9954,0
29.5074,CubeRed,-0.0361,-0.1213,-0.0149,0.9918,0
29.5076,CubeBlue,-0.0048,-0.0949,0.0142,0.9954,0
29.6151,CubeRed,-0.0576,-0.1406,-0.0189,0.9882,0
29.6152,CubeBlue,-0.0052,-0.0949,0.0142,0.9954,0
29.6450,CubeRed,-0.1451,-0.1910,-0.0358,0.9701,0
29.6451,CubeBlue,-0.0052,-0.0948,0.0145,0.9954,0
29.7010,CubeRed,-0.1868,-0.1945,-0.0421,0.9620,0
29.7012,CubeBlue,-0.0053,-0.0948,0.0148,0.9954,0
29.8098,CubeRed,-0.2746,-0.2077,-0.0479,0.9376,0
29.8100,CubeBlue,-0.0061,-0.0948,0.0146,0.9954,0
29.8410,CubeRed,-0.3202,-0.1652,-0.0822,0.9292,0
29.8414,CubeBlue,-0.0054,-0.0948,0.0140,0.9954,0
29.8957,CubeRed,-0.2960,-0.1682,-0.0817,0.9367,0
29.8959,CubeBlue,-0.0051,-0.0948,0.0132,0.9954,0
30.0031,CubeRed,-0.2725,-0.1673,-0.0808,0.9441,0
30.0033,CubeBlue,-0.0053,-0.0948,0.0134,0.9954,0
30.0209,CubeRed,-0.1243,-0.1141,-0.0635,0.9836,0
30.0210,CubeBlue,-0.0053,-0.0948,0.0146,0.9954,0
30.0784,CubeRed,-0.1243,-0.1141,-0.0635,0.9836,0
30.0785,CubeBlue,-0.0053,-0.0948,0.0146,0.9954,0
30.1851,CubeRed,-0.0806,-0.1188,-0.0559,0.9881,0
30.1853,CubeBlue,-0.0050,-0.0948,0.0151,0.9954,0
30.2155,CubeRed,-0.0755,-0.1214,-0.0551,0.9882,0
30.2158,CubeBlue,-0.0064,-0.0948,0.0139,0.9954,0
30.2717,CubeRed,-0.0659,-0.1254,-0.0630,0.9879,0
30.2719,CubeBlue,-0.0057,-0.0948,0.0138,0.9954,0
30.3815,CubeRed,-0.0825,-0.1210,-0.0368,0.9885,0
30.3818,CubeBlue,-0.0058,-0.0948,0.0136,0.9954,0
30.4103,CubeRed,-0.0747,-0.1007,-0.0355,0.9915,0
30.4107,CubeBlue,-0.0056,-0.0948,0.0144,0.9954,0
30.4655,CubeRed,-0.0702,-0.0949,-0.0360,0.9924,0
30.4657,CubeBlue,-0.0061,-0.0948,0.0135,0.9954,0
30.5739,CubeRed,-0.0687,-0.0979,-0.0367,0.9921,0
30.5741,CubeBlue,-0.0054,-0.0949,0.0132,0.9954,0
30.6041,CubeRed,-0.0686,-0.1123,-0.0280,0.9909,0
30.6043,CubeBlue,-0.0049,-0.0949,0.0139,0.9954,0
30.6630,CubeRed,-0.0686,-0.1123,-0.0280,0.9909,0
30.6632,CubeBlue,-0.0049,-0.0949,0.0139,0.9954,0
30.7709,CubeRed,-0.0606,-0.1132,-0.0287,0.9913,0
30.7711,CubeBlue,-0.0056,-0.0948,0.0144,0.9954,0
30.8018,CubeRed,-0.0537,-0.1132,-0.0236,0.9918,0
30.8020,CubeBlue,-0.0055,-0.0949,0.0134,0.9954,0
30.8540,CubeRed,-0.0545,-0.1347,-0.0009,0.9894,0
30.8543,CubeBlue,-0.0055,-0.0949,0.0134,0.9954,0
30.9652,CubeRed,-0.0570,-0.1214,-0.0284,0.9906,37
30.9654,CubeBlue,-0.0062,-0.0949,0.0145,0.9954,0
30.9955,CubeRed,-0.1318,-0.0724,-0.0521,0.9873,47
30.9961,CubeBlue,-0.0059,-0.0949,0.0141,0.9954,0
31.0487,CubeRed,-0.1692,-0.0575,-0.0483,0.9827,47
31.0489,CubeBlue,-0.0060,-0.0949,0.0141,0.9954,0
31.1606,CubeRed,-0.2364,-0.0338,-0.0383,0.9703,47
31.1608,CubeBlue,-0.0061,-0.0949,0.0136,0.9954,0
31.1894,CubeRed,-0.3030,0.0036,-0.0555,0.9514,29
31.1896,CubeBlue,-0.0053,-0.0949,0.0131,0.9954,0
31.2443,CubeRed,-0.3071,0.0144,-0.0668,0.9492,6
31.2445,CubeBlue,-0.0061,-0.0949,0.0133,0.9954,0
31.3548,CubeRed,-0.2916,0.0205,-0.0759,0.9533,6
31.3550,CubeBlue,-0.0062,-0.0949,0.0142,0.9954,0
31.3829,CubeRed,-0.2075,0.0242,-0.0857,0.9742,13
31.3831,CubeBlue,-0.0061,-0.0949,0.0140,0.9954,0
31.4371,CubeRed,-0.1745,0.0248,-0.0826,0.9809,13
31.4372,CubeBlue,-0.0054,-0.0949,0.0134,0.9954,0
31.5462,CubeRed,-0.1460,0.0259,-0.0822,0.9855,0
31.5464,CubeBlue,-0.0059,-0.0949,0.0142,0.9954,0
31.5781,CubeRed,-0.0632,0.0323,-0.0770,0.9945,0
31.5785,CubeBlue,-0.0061,-0.0949,0.0137,0.9954,0
31.6325,CubeRed,-0.0414,0.0321,-0.0664,0.9964,0
31.6326,CubeBlue,-0.0061,-0.0949,0.0137,0.9954,0
31.7436,CubeRed,0.0291,0.0325,-0.0210,0.9988,0
31.7439,CubeBlue,-0.0048,-0.0949,0.0133,0.9954,0
31.7708,CubeRed,0.0079,0.0224,-0.0312,0.9992,0
31.7711,CubeBlue,-0.0048,-0.0949,0.0139,0.9954,0
31.8285,CubeRed,0.0092,0.0248,-0.0300,0.9992,0
31.8287,CubeBlue,-0.0053,-0.0949,0.0130,0.9954,0
31.9343,CubeRed,0.0097,0.0306,-0.0282,0.9991,0
31.9347,CubeBlue,-0.0050,-0.0949,0.0136,0.9954,0
31.9642,CubeRed,0.0118,0.0321,-0.0185,0.9992,0
31.9645,CubeBlue,-0.0049,-0.0949,0.0137,0.9954,0
32.0209,CubeRed,0.0104,0.0320,-0.0184,0.9993,0
32.0211,CubeBlue,-0.0057,-0.0949,0.0138,0.9954,0
32.1288,CubeRed,0.0104,0.0320,-0.0184,0.9993,0
32.1291,CubeBlue,-0.0065,-0.0949,0.0133,0.9954,0
32.1610,CubeRed,0.0097,0.0322,-0.0127,0.9994,0
32.1614,CubeBlue,-0.0055,-0.0949,0.0140,0.9954,0
32.2155,CubeRed,0.0097,0.0322,-0.0127,0.9994,0
32.2157,CubeBlue,-0.0045,-0.0950,0.0144,0.9954,0
32.3263,CubeRed,0.0098,0.0320,-0.0172,0.9993,4
32.3266,CubeBlue,-0.0055,-0.0949,0.0139,0.9954,0
32.3558,CubeRed,0.0109,0.0319,-0.0173,0.9993,0
32.3561,CubeBlue,-0.0050,-0.0950,0.0138,0.9954,0
32.4113,CubeRed,0.0125,0.0319,-0.0178,0.9993,0
32.4115,CubeBlue,-0.0050,-0.0950,0.0138,0.9954,0
32.5207,CubeRed,0.0116,0.0319,-0.0152,0.9993,0
32.5210,CubeBlue,-0.0055,-0.0950,0.0142,0.9954,0
32.5498,CubeRed,0.0126,0.0319,-0.0146,0.9993,0
32.5501,CubeBlue,-0.0061,-0.0949,0.0135,0.9954,0
32.6034,CubeRed,0.0121,0.0320,-0.0134,0.9993,0
32.6037,CubeBlue,-0.0069,-0.0949,0.0134,0.9954,0
32.7155,CubeRed,0.0113,0.0320,-0.0129,0.9993,0
32.7158,CubeBlue,-0.0060,-0.0949,0.0141,0.9954,0
32.7439,CubeRed,0.0090,0.0319,-0.0107,0.9994,0
32.7443,CubeBlue,-0.0058,-0.0950,0.0136,0.9954,0
32.7973,CubeRed,0.0080,0.0319,-0.0099,0.9994,0
32.7975,CubeBlue,-0.0048,-0.0950,0.0139,0.9954,0
32.9088,CubeRed,0.0071,0.0319,-0.0090,0.9994,0
32.9091,CubeBlue,-0.0057,-0.0950,0.0138,0.9954,0
32.9378,CubeRed,0.0047,0.0319,-0.0063,0.9995,0
32.9379,CubeBlue,-0.0063,-0.0950,0.0141,0.9954,0
32.9942,CubeRed,0.0042,0.0319,-0.0054,0.9995,0
32.9945,CubeBlue,-0.0056,-0.0950,0.0149,0.9954,0
33.1012,CubeRed,0.0024,0.0319,-0.0039,0.9995,0
33.1013,CubeBlue,-0.0058,-0.0950,0.0135,0.9954,0
33.1319,CubeRed,0.0012,0.0319,-0.0017,0.9995,0
33.1321,CubeBlue,-0.0056,-0.0950,0.0132,0.9954,0
33.1874,CubeRed,0.0006,0.0319,-0.0012,0.9995,0
33.1876,CubeBlue,-0.0058,-0.0950,0.0134,0.9954,0
33.2959,CubeRed,0.0015,0.0319,-0.0009,0.9995,0
33.2961,CubeBlue,-0.0051,-0.0950,0.0143,0.9954,0
33.3277,CubeRed,0.0001,0.0318,-0.0001,0.9995,0
33.3282,CubeBlue,-0.0053,-0.0950,0.0143,0.9954,0
33.3817,CubeRed,-0.0010,0.0318,-0.0002,0.9995,0
33.3818,CubeBlue,-0.0061,-0.0950,0.0135,0.9954,0
33.4938,CubeRed,-0.0001,0.0318,-0.0007,0.9995,0
33.4940,CubeBlue,-0.0051,-0.0950,0.0142,0.9954,0
33.5223,CubeRed,0.0000,0.0317,-0.0002,0.9995,0
33.5225,CubeBlue,-0.0054,-0.0950,0.0136,0.9954,0
33.5758,CubeRed,0.0001,0.0317,0.0003,0.9995,0
33.5760,CubeBlue,-0.0046,-0.0950,0.0140,0.9954,0
33.6846,CubeRed,-0.0009,0.0317,-0.0001,0.9995,0
33.6849,CubeBlue,-0.0057,-0.0950,0.0135,0.9954,0
33.7166,CubeRed,-0.0019,0.0317,-0.0005,0.9995,0
33.7169,CubeBlue,-0.0065,-0.0950,0.0132,0.9954,0
33.7708,CubeRed,-0.0017,0.0317,-0.0010,0.9995,0
33.7710,CubeBlue,-0.0057,-0.0950,0.0137,0.9954,0
33.8818,CubeRed,-0.0012,0.0317,0.0003,0.9995,0
33.8820,CubeBlue,-0.0059,-0.0950,0.0136,0.9954,0
33.9126,CubeRed,-0.0004,0.0299,0.0003,0.9996,0
33.9131,CubeBlue,-0.0054,-0.0950,0.0144,0.9954,0
33.9657,CubeRed,0.0073,0.0588,-0.0044,0.9982,0
33.9658,CubeBlue,-0.0059,-0.0950,0.0135,0.9954,0
34.0760,CubeRed,0.0073,0.0588,-0.0044,0.9982,0
34.0762,CubeBlue,-0.0058,-0.0950,0.0133,0.9954,0
34.1052,CubeRed,0.0066,0.0873,-0.0052,0.9961,0
34.1054,CubeBlue,-0.0064,-0.0950,0.0138,0.9954,0
34.1614,CubeRed,0.0075,0.0873,-0.0071,0.9961,0
34.1616,CubeBlue,-0.0062,-0.0950,0.0130,0.9954,0
34.2679,CubeRed,0.0074,0.0873,-0.0073,0.9961,0
34.2682,CubeBlue,-0.0063,-0.0950,0.0138,0.9954,0
34.2994,CubeRed,-0.0036,0.0822,-0.0035,0.9966,0
34.2996,CubeBlue,-0.0068,-0.0950,0.0130,0.9954,0
34.3543,CubeRed,-0.0174,0.0628,-0.0077,0.9978,0
34.3545,CubeBlue,-0.0063,-0.0950,0.0133,0.9954,0
34.4620,CubeRed,-0.0084,0.0622,-0.0480,0.9969,33
34.4623,CubeBlue,-0.0057,-0.0950,0.0138,0.9954,0
34.4951,CubeRed,-0.0912,0.0614,-0.0901,0.9898,38
34.4955,CubeBlue,-0.0058,-0.0950,0.0131,0.9954,0
34.5493,CubeRed,-0.1057,0.0515,-0.0944,0.9886,38
34.5495,CubeBlue,-0.0052,-0.0951,0.0133,0.9954,0
34.6601,CubeRed,-0.1166,0.0375,-0.0927,0.9881,30
34.6604,CubeBlue,-0.0051,-0.0951,0.0136,0.9954,0
34.6884,CubeRed,-0.1180,0.0196,-0.0736,0.9901,27
34.6885,CubeBlue,-0.0054,-0.0951,0.0141,0.9954,0
34.7454,CubeRed,-0.1180,0.0196,-0.0736,0.9901,27
34.7456,CubeBlue,-0.0058,-0.0951,0.0144,0.9953,0
34.8581,CubeRed,-0.0975,0.0197,-0.0496,0.9938,27
34.8584,CubeBlue,-0.0052,-0.0951,0.0138,0.9954,0
34.8833,CubeRed,-0.0880,0.0220,-0.0251,0.9956,0
34.8835,CubeBlue,-0.0043,-0.0951,0.0132,0.9954,0
34.9356,CubeRed,-0.0757,0.0217,0.0001,0.9969,0
34.9358,CubeBlue,-0.0041,-0.0951,0.0141,0.9954,0
35.0453,CubeRed,-0.0347,0.0463,0.0253,0.9980,1
35.0456,CubeBlue,-0.0051,-0.0951,0.0138,0.9954,0
35.0774,CubeRed,-0.0109,0.0504,0.0252,0.9984,0
35.0779,CubeBlue,-0.0057,-0.0951,0.0144,0.9953,0
35.1321,CubeRed,-0.0020,0.0470,0.0198,0.9987,0
35.1323,CubeBlue,-0.0054,-0.0951,0.0146,0.9953,0
35.2432,CubeRed,-0.0034,0.0480,0.0034,0.9988,0
35.2434,CubeBlue,-0.0054,-0.0951,0.0141,0.9954,0
35.2721,CubeRed,0.0002,0.0445,-0.0002,0.9990,0
35.2722,CubeBlue,-0.0055,-0.0951,0.0132,0.9954,0
35.3278,CubeRed,-0.0010,0.0363,0.0002,0.9993,0
35.3280,CubeBlue,-0.0052,-0.0951,0.0139,0.9954,0
35.4376,CubeRed,-0.0021,0.0263,-0.0002,0.9997,0
35.4378,CubeBlue,-0.0047,-0.0951,0.0140,0.9954,0
35.4659,CubeRed,-0.0032,0.0263,0.0007,0.9996,0
35.4661,CubeBlue,-0.0045,-0.0951,0.0146,0.9953,0
35.5205,CubeRed,-0.0040,0.0263,0.0015,0.9996,0
35.5206,CubeBlue,-0.0047,-0.0951,0.0139,0.9954,0
35.6291,CubeRed,-0.0032,0.0263,0.0007,0.9996,0
35.6292,CubeBlue,-0.0045,-0.0951,0.0142,0.9954,0
35.6605,CubeRed,-0.0025,0.0262,0.0014,0.9997,0
35.6609,CubeBlue,-0.0049,-0.0951,0.0142,0.9954,0
35.7147,CubeRed,-0.0025,0.0262,0.0014,0.9997,0
35.7148,CubeBlue,-0.0049,-0.0951,0.0142,0.9954,0
35.8267,CubeRed,-0.0027,0.0262,0.0013,0.9997,0
35.8269,CubeBlue,-0.0060,-0.0951,0.0137,0.9954,0
35.8554,CubeRed,-0.0030,0.0262,0.0019,0.9997,0
35.8555,CubeBlue,-0.0058,-0.0951,0.0142,0.9953,0
35.9118,CubeRed,-0.0018,0.0262,0.0021,0.9997,0
35.9120,CubeBlue,-0.0058,-0.0951,0.0142,0.9953,0
36.0204,CubeRed,-0.0023,0.0261,0.0011,0.9997,0
36.0206,CubeBlue,-0.0060,-0.0951,0.0137,0.9954,0
36.0484,CubeRed,-0.0019,0.0261,0.0015,0.9997,0
36.0486,CubeBlue,-0.0059,-0.0951,0.0134,0.9954,0
36.1033,CubeRed,-0.0019,0.0261,0.0012,0.9997,0
36.1034,CubeBlue,-0.0059,-0.0951,0.0134,0.9954,0
36.2127,CubeRed,-0.0012,0.0261,0.0014,0.9997,0
36.2131,CubeBlue,-0.0054,-0.0951,0.0145,0.9953,0
36.2431,CubeRed,-0.0018,0.0260,0.0013,0.9997,0
36.2435,CubeBlue,-0.0052,-0.0951,0.0141,0.9953,0
36.2987,CubeRed,-0.0010,0.0260,0.0018,0.9997,0
36.2988,CubeBlue,-0.0052,-0.0951,0.0141,0.9953,0
36.4089,CubeRed,-0.0034,0.0294,0.0039,0.9996,0
36.4091,CubeBlue,-0.0053,-0.0951,0.0138,0.9954,0
36.4386,CubeRed,-0.0429,0.0585,0.0219,0.9971,0
36.4388,CubeBlue,-0.0048,-0.0952,0.0144,0.9953,0
36.4947,CubeRed,-0.0723,0.0878,-0.0131,0.9934,0
36.4949,CubeBlue,-0.0048,-0.0952,0.0144,0.9953,0
36.6039,CubeRed,-0.1035,0.1143,-0.0258,0.9877,0
36.6040,CubeBlue,-0.0054,-0.0951,0.0133,0.9954,0
36.6335,CubeRed,-0.1394,0.1642,-0.0491,0.9753,0
36.6338,CubeBlue,-0.0059,-0.0952,0.0139,0.9953,0
36.6869,CubeRed,-0.1247,0.1620,-0.0464,0.9778,0
36.6870,CubeBlue,-0.0049,-0.0952,0.0139,0.9954,0
36.7982,CubeRed,-0.0954,0.1367,-0.0137,0.9859,0
36.7985,CubeBlue,-0.0041,-0.0952,0.0145,0.9953,0
36.8276,CubeRed,-0.0203,0.1226,0.0156,0.9921,0
36.8281,CubeBlue,-0.0056,-0.0952,0.0142,0.9953,0
36.8810,CubeRed,-0.0067,0.1104,0.0318,0.9934,0
36.8812,CubeBlue,-0.0056,-0.0952,0.0142,0.9953,0
36.9933,CubeRed,0.0060,0.1057,0.0250,0.9941,0
36.9935,CubeBlue,-0.0047,-0.0951,0.0143,0.9953,2
37.0217,CubeRed,0.0077,0.0943,0.0218,0.9953,0
37.0218,CubeBlue,-0.0054,-0.0951,0.0131,0.9954,0
37.0771,CubeRed,0.0077,0.0943,0.0218,0.9953,0
37.0773,CubeBlue,-0.0062,-0.0951,0.0125,0.9954,0
37.1850,CubeRed,0.0010,0.0686,0.0188,0.9975,0
37.1853,CubeBlue,-0.0062,-0.0951,0.0133,0.9954,0
37.2152,CubeRed,0.0001,0.0685,0.0162,0.9975,0
37.2155,CubeBlue,-0.0057,-0.0951,0.0132,0.9954,0
37.2707,CubeRed,-0.0015,0.0684,0.0160,0.9975,0
37.2709,CubeBlue,-0.0049,-0.0951,0.0133,0.9954,0
37.3813,CubeRed,-0.0004,0.0684,0.0124,0.9976,0
37.3815,CubeBlue,-0.0058,-0.0952,0.0129,0.9954,0
