time_s,head_px,head_py,head_pz,head_rx,head_ry,head_rz,head_rw,handR_px,handR_py,handR_pz,handR_rx,handR_ry,handR_rz,handR_rw,handL_px,handL_py,handL_pz,handL_rx,handL_ry,handL_rz,handL_rw,gaze_x,gaze_y,gaze_z
0.0472,-0.0134,1.1417,-0.0313,0.1101,-0.0345,0.0254,0.9930,0.0703,0.7760,0.1889,0.1547,0.2441,0.4141,-0.8632,-0.1656,0.7903,0.0567,0.3239,-0.0450,-0.4298,-0.8416,-0.0629,-0.2205,0.9734
0.1297,-0.0105,1.1410,-0.0309,0.1118,-0.0177,0.0237,0.9933,0.0732,0.7659,0.1829,0.1757,0.1664,0.4329,-0.8683,-0.1586,0.7920,0.0555,0.3192,-0.0789,-0.3662,-0.8705,-0.0298,-0.2230,0.9744
0.1849,-0.0072,1.1404,-0.0303,0.1141,0.0027,0.0231,0.9932,0.0721,0.7644,0.1622,0.1957,0.2301,0.3707,-0.8782,-0.1715,0.8025,0.0735,0.3971,-0.1288,-0.2747,-0.8662,0.0107,-0.2265,0.9740
0.2410,-0.0058,1.1401,-0.0302,0.1153,0.0103,0.0232,0.9930,0.0814,0.7628,0.1611,0.2100,0.3352,0.3148,-0.8628,-0.1914,0.8076,0.0942,0.4773,-0.0918,-0.2294,-0.8433,0.0257,-0.2285,0.9732
0.3245,-0.0057,1.1402,-0.0294,0.1156,0.0036,0.0224,0.9930,0.0981,0.7651,0.1635,0.2507,0.2878,0.3190,-0.8675,-0.2054,0.8100,0.1089,0.5499,0.0051,-0.2529,-0.7960,0.0124,-0.2295,0.9732
0.3799,-0.0053,1.1400,-0.0291,0.1163,0.0009,0.0204,0.9930,0.1311,0.7874,0.1757,0.4260,0.0592,0.4885,-0.7592,-0.2004,0.8180,0.1071,0.5694,0.1738,-0.3830,-0.7063,0.0065,-0.2309,0.9730
0.4356,-0.0061,1.1400,-0.0286,0.1162,-0.0053,0.0209,0.9930,0.1590,0.8088,0.1838,0.4606,-0.0528,0.5095,-0.7249,-0.1941,0.8152,0.1021,0.5249,0.2344,-0.4586,-0.6777,-0.0057,-0.2310,0.9729
0.5189,-0.0082,1.1391,-0.0280,0.1189,-0.0152,0.0220,0.9925,0.1697,0.8273,0.1817,0.4567,-0.1531,0.5543,-0.6788,-0.1932,0.8102,0.0994,0.5177,0.1707,-0.4133,-0.7294,-0.0250,-0.2367,0.9713
0.5746,-0.0107,1.1381,-0.0275,0.1217,-0.0280,0.0227,0.9919,0.1641,0.8350,0.1743,0.4647,-0.1179,0.5279,-0.7011,-0.1770,0.7876,0.0837,0.4101,0.0394,-0.4848,-0.7715,-0.0500,-0.2427,0.9688
0.6301,-0.0124,1.1380,-0.0272,0.1221,-0.0381,0.0244,0.9915,0.1602,0.8296,0.1760,0.4352,-0.0818,0.5173,-0.7323,-0.1726,0.7762,0.0764,0.4133,-0.0478,-0.4197,-0.8067,-0.0697,-0.2440,0.9673
0.7128,-0.0136,1.1375,-0.0273,0.1239,-0.0433,0.0249,0.9910,0.1542,0.8235,0.1770,0.4452,-0.0461,0.4409,-0.7780,-0.1699,0.7804,0.0736,0.4140,-0.1175,-0.4031,-0.8076,-0.0797,-0.2477,0.9656
0.7686,-0.0153,1.1369,-0.0270,0.1251,-0.0525,0.0254,0.9904,0.1374,0.8196,0.1754,0.3806,0.1294,0.4252,-0.8109,-0.1716,0.7858,0.0724,0.4317,-0.1461,-0.3929,-0.7987,-0.0977,-0.2505,0.9632
0.8250,-0.0163,1.1368,-0.0268,0.1249,-0.0556,0.0249,0.9903,0.1154,0.8151,0.1723,0.3359,0.1961,0.4440,-0.8072,-0.1729,0.7921,0.0716,0.4387,-0.1560,-0.3800,-0.7993,-0.1038,-0.2502,0.9626
0.9085,-0.0164,1.1371,-0.0264,0.1247,-0.0517,0.0252,0.9905,0.1013,0.8111,0.1749,0.2360,0.2563,0.4283,-0.8338,-0.1751,0.7936,0.0740,0.4957,-0.1582,-0.3314,-0.7871,-0.0962,-0.2496,0.9636
0.9626,-0.0172,1.1371,-0.0256,0.1245,-0.0514,0.0259,0.9905,0.0940,0.8100,0.1821,0.2854,0.2004,0.4578,-0.8178,-0.1828,0.8070,0.0709,0.5772,-0.0126,-0.2976,-0.7603,-0.0954,-0.2493,0.9637
1.0192,-0.0179,1.1370,-0.0251,0.1254,-0.0518,0.0256,0.9904,0.0932,0.8127,0.1865,0.3198,0.1617,0.4728,-0.8050,-0.1878,0.8109,0.0697,0.5333,0.0909,-0.3116,-0.7812,-0.0962,-0.2511,0.9632
1.1015,-0.0188,1.1370,-0.0247,0.1246,-0.0499,0.0259,0.9906,0.0909,0.8129,0.1913,0.3729,0.0274,0.5553,-0.7429,-0.1918,0.8098,0.0690,0.4621,0.1736,-0.3362,-0.8021,-0.0925,-0.2495,0.9640
1.1578,-0.0200,1.1367,-0.0243,0.1238,-0.0491,0.0282,0.9907,0.0944,0.8062,0.1884,0.3571,0.0577,0.5190,-0.7745,-0.1935,0.8046,0.0628,0.4518,0.0964,-0.3561,-0.8123,-0.0904,-0.2480,0.9645
1.2134,-0.0204,1.1368,-0.0241,0.1244,-0.0498,0.0294,0.9905,0.0940,0.7977,0.1865,0.3285,0.0987,0.4898,-0.8015,-0.1906,0.8016,0.0553,0.4405,0.0087,-0.3397,-0.8309,-0.0913,-0.2494,0.9641
1.2966,-0.0204,1.1371,-0.0242,0.1235,-0.0508,0.0294,0.9906,0.0941,0.7877,0.1785,0.1904,0.2043,0.4127,-0.8670,-0.1779,0.7914,0.0482,0.4692,-0.0316,-0.3041,-0.8285,-0.0934,-0.2476,0.9643
1.3524,-0.0209,1.1379,-0.0240,0.1197,-0.0523,0.0298,0.9910,0.0973,0.7872,0.1677,0.2071,0.1902,0.4162,-0.8647,-0.1777,0.7900,0.0492,0.5027,-0.1236,-0.2525,-0.8174,-0.0965,-0.2405,0.9658
1.4080,-0.0212,1.1385,-0.0237,0.1182,-0.0526,0.0289,0.9912,0.1006,0.7826,0.1681,0.2316,0.1674,0.4382,-0.8522,-0.1810,0.7935,0.0518,0.4839,-0.1187,-0.2982,-0.8142,-0.0975,-0.2374,0.9665
1.4911,-0.0213,1.1382,-0.0234,0.1196,-0.0527,0.0294,0.9910,0.1043,0.7797,0.1680,0.2255,0.1697,0.4348,-0.8552,-0.1845,0.7905,0.0539,0.4805,-0.0783,-0.3039,-0.8189,-0.0975,-0.2401,0.9658
1.5470,-0.0214,1.1380,-0.0235,0.1198,-0.0525,0.0298,0.9910,0.1317,0.7891,0.1678,0.2707,0.1295,0.4596,-0.8359,-0.1969,0.7926,0.0555,0.4949,-0.0613,-0.3063,-0.8109,-0.0968,-0.2406,0.9658
1.6028,-0.0215,1.1382,-0.0236,0.1201,-0.0526,0.0310,0.9909,0.1494,0.8038,0.1689,0.3338,0.0512,0.4786,-0.8105,-0.1997,0.7992,0.0549,0.5190,-0.0199,-0.3202,-0.7923,-0.0967,-0.2412,0.9656
1.6848,-0.0211,1.1384,-0.0239,0.1203,-0.0515,0.0309,0.9909,0.1616,0.8209,0.1693,0.3977,0.0120,0.4917,-0.7745,-0.2004,0.8018,0.0566,0.5383,0.0825,-0.3571,-0.7589,-0.0947,-0.2417,0.9657
1.7423,-0.0207,1.1384,-0.0244,0.1206,-0.0509,0.0315,0.9909,0.1717,0.8328,0.1674,0.4619,0.0043,0.4791,-0.7464,-0.1983,0.8073,0.0570,0.5416,0.1052,-0.3477,-0.7581,-0.0932,-0.2421,0.9658
1.7974,-0.0204,1.1384,-0.0248,0.1200,-0.0515,0.0317,0.9909,0.1687,0.8378,0.1609,0.4781,-0.0014,0.4689,-0.7426,-0.1987,0.8062,0.0584,0.5393,0.1003,-0.3443,-0.7619,-0.0945,-0.2412,0.9659
1.8800,-0.0210,1.1381,-0.0253,0.1207,-0.0551,0.0307,0.9907,0.1626,0.8355,0.1579,0.4335,0.0144,0.4753,-0.7655,-0.1988,0.8041,0.0584,0.5236,0.0803,-0.3425,-0.7759,-0.1018,-0.2425,0.9648
1.9361,-0.0216,1.1376,-0.0259,0.1218,-0.0593,0.0305,0.9903,0.1512,0.8337,0.1515,0.4012,0.0401,0.4713,-0.7844,-0.1947,0.8005,0.0560,0.4514,0.0408,-0.3711,-0.8105,-0.1100,-0.2448,0.9633
1.9916,-0.0222,1.1375,-0.0257,0.1222,-0.0620,0.0301,0.9901,0.1420,0.8284,0.1482,0.3833,0.0719,0.4556,-0.8002,-0.1915,0.7996,0.0518,0.4056,-0.0035,-0.3928,-0.8253,-0.1154,-0.2457,0.9624
2.0736,-0.0226,1.1374,-0.0251,0.1229,-0.0598,0.0305,0.9901,0.1348,0.8217,0.1491,0.3823,0.0911,0.4450,-0.8047,-0.1895,0.7981,0.0500,0.4134,-0.0331,-0.4022,-0.8162,-0.1109,-0.2470,0.9627
2.1302,-0.0229,1.1372,-0.0246,0.1227,-0.0582,0.0306,0.9903,0.1338,0.8242,0.1508,0.3720,0.0627,0.4775,-0.7936,-0.1907,0.7972,0.0524,0.4476,-0.0032,-0.3783,-0.8103,-0.1077,-0.2466,0.9631
2.1862,-0.0232,1.1378,-0.0244,0.1211,-0.0575,0.0304,0.9905,0.1354,0.8288,0.1502,0.3431,0.0288,0.5103,-0.7881,-0.1920,0.7988,0.0525,0.4520,0.0053,-0.3757,-0.8090,-0.1066,-0.2434,0.9641
2.2704,-0.0239,1.1381,-0.0247,0.1201,-0.0603,0.0315,0.9904,0.1364,0.8314,0.1491,0.3268,0.0095,0.5182,-0.7903,-0.1916,0.8026,0.0508,0.4537,0.0064,-0.3784,-0.8068,-0.1119,-0.2417,0.9639
2.3244,-0.0246,1.1381,-0.0250,0.1203,-0.0636,0.0324,0.9902,0.1352,0.8300,0.1482,0.3231,0.0303,0.4878,-0.8104,-0.1932,0.8006,0.0517,0.4295,0.0098,-0.3859,-0.8164,-0.1182,-0.2423,0.9630
2.3807,-0.0247,1.1378,-0.0250,0.1208,-0.0658,0.0314,0.9900,0.1330,0.8277,0.1483,0.3189,0.0401,0.4623,-0.8264,-0.1924,0.7995,0.0524,0.4136,0.0252,-0.3860,-0.8242,-0.1227,-0.2434,0.9621
2.4635,-0.0241,1.1378,-0.0248,0.1215,-0.0643,0.0313,0.9900,0.1306,0.8242,0.1485,0.3215,0.0436,0.4586,-0.8273,-0.1910,0.7982,0.0526,0.4165,0.0378,-0.3666,-0.8311,-0.1198,-0.2446,0.9622
2.5192,-0.0235,1.1375,-0.0247,0.1229,-0.0623,0.0305,0.9900,0.1328,0.8242,0.1500,0.3213,0.0394,0.4675,-0.8226,-0.1924,0.7998,0.0523,0.4091,0.0559,-0.3400,-0.8449,-0.1159,-0.2471,0.9620
2.5743,-0.0232,1.1372,-0.0246,0.1243,-0.0604,0.0301,0.9899,0.1342,0.8255,0.1500,0.3200,0.0364,0.4731,-0.8200,-0.1942,0.8029,0.0511,0.4057,0.0550,-0.3355,-0.8484,-0.1122,-0.2497,0.9618
2.6565,-0.0233,1.1366,-0.0242,0.1271,-0.0593,0.0310,0.9896,0.1367,0.8272,0.1500,0.3196,0.0318,0.4701,-0.8221,-0.1961,0.8061,0.0492,0.3997,0.0588,-0.3462,-0.8467,-0.1094,-0.2553,0.9606
2.7130,-0.0235,1.1362,-0.0239,0.1283,-0.0577,0.0311,0.9896,0.1366,0.8290,0.1500,0.3180,0.0194,0.4707,-0.8228,-0.1944,0.8072,0.0477,0.3932,0.0791,-0.3575,-0.8434,-0.1062,-0.2575,0.9604
2.7685,-0.0240,1.1360,-0.0234,0.1292,-0.0591,0.0318,0.9893,0.1337,0.8294,0.1496,0.3167,0.0163,0.4666,-0.8257,-0.1938,0.8071,0.0470,0.3935,0.0746,-0.3602,-0.8425,-0.1087,-0.2594,0.9596
2.8512,-0.0243,1.1359,-0.0234,0.1303,-0.0588,0.0322,0.9892,0.1304,0.8315,0.1447,0.4049,-0.0236,0.4556,-0.7925,-0.1935,0.8059,0.0471,0.3896,0.0769,-0.3575,-0.8453,-0.1079,-0.2616,0.9591
2.9072,-0.0249,1.1357,-0.0233,0.1307,-0.0590,0.0328,0.9891,0.1021,0.8254,0.1649,0.1310,0.1391,0.3876,-0.9018,-0.1917,0.8037,0.0484,0.3930,0.0750,-0.3534,-0.8456,-0.1082,-0.2624,0.9589
2.9634,-0.0258,1.1359,-0.0232,0.1297,-0.0608,0.0331,0.9891,0.0836,0.8111,0.1832,-0.0057,0.2305,0.3521,-0.9071,-0.1906,0.8026,0.0490,0.3918,0.0771,-0.3552,-0.8452,-0.1118,-0.2606,0.9590
3.0467,-0.0276,1.1366,-0.0225,0.1284,-0.0637,0.0327,0.9891,0.0593,0.7841,0.2114,-0.0412,0.2724,0.2568,-0.9264,-0.1904,0.8025,0.0488,0.3905,0.0766,-0.3560,-0.8455,-0.1176,-0.2582,0.9589
3.1017,-0.0301,1.1370,-0.0213,0.1264,-0.0667,0.0321,0.9892,0.0462,0.7536,0.2309,-0.0281,0.2552,0.1805,-0.9495,-0.1910,0.8027,0.0486,0.3914,0.0763,-0.3570,-0.8447,-0.1239,-0.2544,0.9591
3.1579,-0.0322,1.1369,-0.0204,0.1263,-0.0689,0.0327,0.9891,0.0439,0.7497,0.2309,0.0164,0.2016,0.2508,-0.9467,-0.1919,0.8031,0.0481,0.3931,0.0757,-0.3558,-0.8445,-0.1281,-0.2543,0.9586
3.2405,-0.0344,1.1369,-0.0205,0.1282,-0.0683,0.0318,0.9889,0.0417,0.7450,0.2359,0.0458,0.1624,0.2797,-0.9452,-0.1948,0.8030,0.0472,0.3941,0.0753,-0.3555,-0.8442,-0.1269,-0.2579,0.9578
3.2965,-0.0381,1.1374,-0.0205,0.1267,-0.0711,0.0317,0.9889,0.0486,0.7608,0.2262,0.0736,0.1757,0.2341,-0.9534,-0.1982,0.8028,0.0456,0.3942,0.0793,-0.3552,-0.8439,-0.1325,-0.2551,0.9578
3.3518,-0.0404,1.1376,-0.0204,0.1238,-0.0750,0.0312,0.9890,0.0501,0.7651,0.2246,0.1016,0.1810,0.1991,-0.9577,-0.1993,0.8024,0.0452,0.3944,0.0785,-0.3563,-0.8434,-0.1407,-0.2496,0.9581
3.4354,-0.0426,1.1377,-0.0199,0.1239,-0.0810,0.0309,0.9885,0.0513,0.7659,0.2227,0.0932,0.1836,0.2251,-0.9523,-0.1985,0.8014,0.0458,0.3954,0.0778,-0.3602,-0.8413,-0.1525,-0.2499,0.9562
3.4908,-0.0452,1.1385,-0.0188,0.1213,-0.0876,0.0297,0.9883,0.0489,0.7835,0.2265,0.0771,0.1383,0.2746,-0.9484,-0.1990,0.7992,0.0472,0.4035,0.0725,-0.3564,-0.8396,-0.1659,-0.2451,0.9552
3.5468,-0.0462,1.1390,-0.0184,0.1209,-0.0892,0.0284,0.9882,0.0362,0.8273,0.2310,0.1525,0.1442,0.3432,-0.9155,-0.2006,0.7963,0.0491,0.4107,0.0667,-0.3586,-0.8357,-0.1694,-0.2440,0.9549
3.6306,-0.0477,1.1403,-0.0171,0.1168,-0.0896,0.0264,0.9887,0.0041,0.8826,0.2312,0.2250,0.1802,0.3809,-0.8785,-0.2034,0.7932,0.0513,0.4164,0.0602,-0.3679,-0.8292,-0.1710,-0.2358,0.9566
3.6854,-0.0498,1.1414,-0.0149,0.1133,-0.0925,0.0225,0.9890,-0.0391,0.9135,0.2472,0.2115,0.2342,0.3803,-0.8694,-0.2040,0.7952,0.0504,0.4156,0.0639,-0.3719,-0.8276,-0.1778,-0.2283,0.9572
3.7417,-0.0510,1.1414,-0.0136,0.1135,-0.0927,0.0194,0.9890,-0.0696,0.9046,0.2725,0.1995,0.2332,0.3462,-0.8865,-0.2054,0.7953,0.0492,0.4149,0.0655,-0.3713,-0.8281,-0.1790,-0.2281,0.9571
3.8241,-0.0521,1.1425,-0.0127,0.1099,-0.0913,0.0176,0.9896,-0.0996,0.8845,0.3090,0.1378,0.2310,0.3101,-0.9119,-0.2069,0.7947,0.0480,0.4184,0.0678,-0.3688,-0.8273,-0.1769,-0.2207,0.9592
3.8804,-0.0535,1.1437,-0.0113,0.1054,-0.0911,0.0156,0.9901,-0.1155,0.8326,0.3329,0.0769,0.2381,0.2085,-0.9455,-0.2130,0.7922,0.0451,0.4184,0.0666,-0.3695,-0.8270,-0.1771,-0.2116,0.9612
3.9363,-0.0543,1.1446,-0.0111,0.1025,-0.0904,0.0153,0.9905,-0.1202,0.8030,0.3428,0.0632,0.2232,0.1847,-0.9550,-0.2154,0.7915,0.0436,0.4162,0.0665,-0.3715,-0.8272,-0.1759,-0.2058,0.9627
4.0184,-0.0543,1.1453,-0.0110,0.0999,-0.0902,0.0157,0.9908,-0.1238,0.7768,0.3533,0.0868,0.2068,0.2189,-0.9496,-0.2162,0.7920,0.0429,0.4150,0.0652,-0.3713,-0.8280,-0.1755,-0.2009,0.9638
4.0751,-0.0546,1.1462,-0.0111,0.0977,-0.0896,0.0162,0.9910,-0.1089,0.7683,0.3470,0.0342,0.2021,0.1633,-0.9650,-0.2144,0.7922,0.0450,0.4164,0.0664,-0.3740,-0.8260,-0.1744,-0.1966,0.9648
4.1310,-0.0534,1.1460,-0.0123,0.0985,-0.0886,0.0159,0.9911,-0.1057,0.7719,0.3409,0.0272,0.1961,0.1494,-0.9687,-0.2139,0.7924,0.0458,0.4191,0.0648,-0.3764,-0.8237,-0.1724,-0.1981,0.9649
4.2146,-0.0514,1.1457,-0.0131,0.0986,-0.0863,0.0158,0.9913,-0.1003,0.7661,0.3436,0.0893,0.2010,0.1569,-0.9628,-0.2145,0.7903,0.0466,0.4220,0.0613,-0.3809,-0.8204,-0.1679,-0.1981,0.9657
4.2684,-0.0497,1.1458,-0.0144,0.0991,-0.0846,0.0170,0.9913,-0.0945,0.7825,0.3390,0.0188,0.2146,0.2037,-0.9550,-0.2132,0.7908,0.0468,0.4219,0.0620,-0.3786,-0.8215,-0.1643,-0.1993,0.9661
4.3245,-0.0486,1.1458,-0.0155,0.1004,-0.0859,0.0165,0.9911,-0.0863,0.7936,0.3408,0.0000,0.2144,0.2274,-0.9499,-0.2122,0.7912,0.0469,0.4226,0.0634,-0.3771,-0.8217,-0.1669,-0.2018,0.9651
4.4095,-0.0480,1.1458,-0.0167,0.1001,-0.0879,0.0155,0.9910,-0.0723,0.8186,0.3338,0.0746,0.1948,0.2395,-0.9482,-0.2104,0.7925,0.0462,0.4254,0.0623,-0.3762,-0.8208,-0.1711,-0.2011,0.9645
4.4628,-0.0470,1.1458,-0.0176,0.0993,-0.0892,0.0164,0.9909,-0.0426,0.8540,0.3188,0.1214,0.2503,0.2934,-0.9146,-0.2096,0.7920,0.0469,0.4244,0.0659,-0.3781,-0.8201,-0.1735,-0.1998,0.9644
4.5191,-0.0468,1.1455,-0.0182,0.1011,-0.0892,0.0170,0.9907,-0.0283,0.8739,0.3098,0.1226,0.2544,0.3147,-0.9062,-0.2082,0.7924,0.0473,0.4241,0.0684,-0.3835,-0.8176,-0.1732,-0.2034,0.9637
4.6011,-0.0474,1.1450,-0.0184,0.1019,-0.0901,0.0166,0.9906,-0.0236,0.8891,0.3082,0.0977,0.2338,0.3352,-0.9074,-0.2078,0.7919,0.0478,0.4245,0.0697,-0.3870,-0.8156,-0.1750,-0.2048,0.9630
4.6579,-0.0477,1.1449,-0.0185,0.1028,-0.0905,0.0167,0.9904,-0.0195,0.8823,0.3119,0.0912,0.2175,0.3547,-0.9047,-0.2071,0.7920,0.0472,0.4241,0.0680,-0.3846,-0.8171,-0.1758,-0.2067,0.9625
4.7133,-0.0486,1.1447,-0.0179,0.1030,-0.0905,0.0163,0.9904,-0.0222,0.8795,0.3093,0.0808,0.2137,0.3531,-0.9073,-0.2071,0.7912,0.0472,0.4244,0.0672,-0.3838,-0.8174,-0.1759,-0.2069,0.9624
4.7957,-0.0499,1.1442,-0.0168,0.1038,-0.0889,0.0180,0.9904,-0.0257,0.8738,0.3075,0.0728,0.2224,0.3379,-0.9116,-0.2068,0.7912,0.0475,0.4253,0.0668,-0.3826,-0.8175,-0.1724,-0.2089,0.9626
4.8525,-0.0511,1.1437,-0.0159,0.1055,-0.0876,0.0188,0.9904,-0.0337,0.8618,0.3066,0.0812,0.2217,0.3254,-0.9156,-0.2071,0.7912,0.0470,0.4269,0.0679,-0.3823,-0.8167,-0.1695,-0.2122,0.9624
4.9086,-0.0517,1.1434,-0.0155,0.1064,-0.0851,0.0180,0.9905,-0.0461,0.8432,0.2896,0.0845,0.2164,0.3127,-0.9210,-0.2072,0.7912,0.0464,0.4270,0.0691,-0.3836,-0.8159,-0.1648,-0.2139,0.9629
4.9918,-0.0510,1.1426,-0.0154,0.1072,-0.0832,0.0181,0.9906,-0.0493,0.8231,0.2405,0.0584,0.2465,0.2884,-0.9234,-0.2081,0.7907,0.0460,0.4254,0.0695,-0.3845,-0.8163,-0.1610,-0.2154,0.9632
5.0480,-0.0510,1.1420,-0.0152,0.1091,-0.0805,0.0183,0.9906,-0.0458,0.7910,0.2279,-0.0080,0.3803,0.2896,-0.8783,-0.2086,0.7900,0.0469,0.4322,0.0712,-0.3775,-0.8159,-0.1555,-0.2192,0.9632
5.1035,-0.0511,1.1416,-0.0150,0.1101,-0.0796,0.0193,0.9905,-0.0427,0.7737,0.2149,-0.0470,0.4155,0.2999,-0.8574,-0.2088,0.7896,0.0477,0.4347,0.0731,-0.3772,-0.8145,-0.1535,-0.2212,0.9631
5.1853,-0.0507,1.1410,-0.0146,0.1121,-0.0780,0.0197,0.9904,-0.0392,0.7669,0.2062,-0.0390,0.4224,0.3172,-0.8482,-0.2081,0.7901,0.0472,0.4377,0.0771,-0.3712,-0.8153,-0.1502,-0.2252,0.9627
5.2412,-0.0504,1.1406,-0.0145,0.1139,-0.0752,0.0215,0.9904,-0.0328,0.7747,0.2070,-0.0172,0.3859,0.3174,-0.8660,-0.2083,0.7887,0.0487,0.4307,0.0770,-0.3681,-0.8204,-0.1440,-0.2288,0.9628
5.2973,-0.0496,1.1402,-0.0153,0.1150,-0.0724,0.0206,0.9905,-0.0284,0.7789,0.2080,-0.0012,0.3784,0.3123,-0.8714,-0.2081,0.7867,0.0497,0.4250,0.0807,-0.3574,-0.8278,-0.1387,-0.2308,0.9631
5.3793,-0.0483,1.1400,-0.0163,0.1153,-0.0705,0.0207,0.9906,-0.0269,0.7810,0.2129,0.0109,0.3802,0.3017,-0.8742,-0.2080,0.7852,0.0499,0.4110,0.0867,-0.3370,-0.8426,-0.1349,-0.2314,0.9635
5.4352,-0.0468,1.1396,-0.0174,0.1175,-0.0678,0.0206,0.9905,-0.0157,0.7746,0.2093,0.0385,0.3716,0.3152,-0.8724,-0.2068,0.7835,0.0502,0.4026,0.0916,-0.3292,-0.8492,-0.1294,-0.2355,0.9632
5.4908,-0.0455,1.1393,-0.0182,0.1175,-0.0654,0.0205,0.9907,-0.0093,0.7704,0.2072,0.0579,0.3693,0.3077,-0.8750,-0.2055,0.7832,0.0497,0.4019,0.0867,-0.3338,-0.8483,-0.1247,-0.2354,0.9639
5.5740,-0.0449,1.1398,-0.0183,0.1160,-0.0659,0.0196,0.9909,0.0013,0.7683,0.2020,0.0536,0.3702,0.2988,-0.8780,-0.2066,0.7815,0.0506,0.3929,0.0792,-0.3337,-0.8532,-0.1260,-0.2326,0.9644
5.6287,-0.0441,1.1405,-0.0186,0.1143,-0.0655,0.0186,0.9911,-0.0014,0.7718,0.2016,0.0464,0.3474,0.2896,-0.8907,-0.1978,0.7873,0.0460,0.3999,0.0809,-0.3410,-0.8469,-0.1255,-0.2290,0.9653
5.6846,-0.0443,1.1413,-0.0175,0.1119,-0.0648,0.0175,0.9914,-0.0046,0.7739,0.2057,0.0518,0.3234,0.2863,-0.9004,-0.1936,0.7904,0.0440,0.3961,0.0840,-0.3495,-0.8449,-0.1246,-0.2242,0.9665
5.7682,-0.0456,1.1415,-0.0160,0.1117,-0.0668,0.0179,0.9913,-0.0041,0.7768,0.2158,0.0877,0.2981,0.3171,-0.8960,-0.1894,0.7945,0.0444,0.3977,0.0852,-0.3473,-0.8450,-0.1285,-0.2238,0.9661
5.8234,-0.0468,1.1419,-0.0139,0.1111,-0.0684,0.0171,0.9913,-0.0322,0.7953,0.2347,0.0874,0.2757,0.2771,-0.9163,-0.1938,0.7921,0.0457,0.3925,0.0937,-0.3477,-0.8463,-0.1317,-0.2226,0.9660
5.8793,-0.0478,1.1417,-0.0130,0.1114,-0.0676,0.0167,0.9913,-0.0516,0.7948,0.2462,0.1002,0.2773,0.2514,-0.9219,-0.1955,0.7912,0.0459,0.3927,0.0957,-0.3460,-0.8467,-0.1303,-0.2231,0.9660
5.9620,-0.0484,1.1411,-0.0127,0.1133,-0.0631,0.0183,0.9914,-0.0662,0.7920,0.2479,0.0897,0.2880,0.2290,-0.9255,-0.1974,0.7908,0.0456,0.3896,0.0972,-0.3467,-0.8477,-0.1209,-0.2269,0.9664
6.0183,-0.0492,1.1400,-0.0131,0.1155,-0.0583,0.0206,0.9914,-0.0733,0.8035,0.2083,0.0719,0.3641,0.2422,-0.8964,-0.2028,0.7904,0.0443,0.3923,0.0909,-0.3456,-0.8476,-0.1109,-0.2314,0.9665
6.0736,-0.0489,1.1392,-0.0145,0.1174,-0.0551,0.0226,0.9913,-0.0710,0.7957,0.1857,0.0538,0.4470,0.2497,-0.8573,-0.2080,0.7871,0.0440,0.3881,0.0849,-0.3444,-0.8506,-0.1039,-0.2353,0.9663
6.1573,-0.0473,1.1391,-0.0168,0.1184,-0.0523,0.0236,0.9913,-0.0638,0.7751,0.1731,0.0885,0.4888,0.2110,-0.8418,-0.2099,0.7846,0.0448,0.3647,0.0764,-0.3617,-0.8546,-0.0980,-0.2373,0.9665
6.2127,-0.0459,1.1388,-0.0188,0.1189,-0.0489,0.0263,0.9914,-0.0366,0.7609,0.1730,0.0802,0.4681,0.2281,-0.8499,-0.2053,0.7861,0.0454,0.3277,-0.0066,-0.4259,-0.8433,-0.0907,-0.2383,0.9670
6.2688,-0.0454,1.1390,-0.0201,0.1198,-0.0474,0.0282,0.9913,-0.0184,0.7564,0.1793,0.0793,0.4387,0.2393,-0.8626,-0.2031,0.7862,0.0467,0.3386,0.0103,-0.4010,-0.8512,-0.0872,-0.2402,0.9668
6.3521,-0.0439,1.1388,-0.0204,0.1205,-0.0457,0.0287,0.9912,-0.0046,0.7608,0.1847,0.1024,0.4194,0.2587,-0.8641,-0.1988,0.7890,0.0469,0.3385,0.0122,-0.3932,-0.8548,-0.0837,-0.2415,0.9668
6.4066,-0.0422,1.1384,-0.0213,0.1229,-0.0419,0.0297,0.9911,0.0134,0.7712,0.1855,0.1033,0.3585,0.2877,-0.8821,-0.1920,0.7918,0.0476,0.3439,0.0131,-0.3870,-0.8555,-0.0757,-0.2461,0.9663
6.4626,-0.0412,1.1385,-0.0216,0.1217,-0.0405,0.0295,0.9913,0.0240,0.7771,0.1844,0.0862,0.3297,0.2913,-0.8939,-0.1897,0.7914,0.0488,0.3456,0.0151,-0.3848,-0.8557,-0.0732,-0.2437,0.9671
6.5465,-0.0414,1.1382,-0.0212,0.1228,-0.0416,0.0288,0.9911,0.0306,0.7794,0.1850,0.0832,0.3047,0.2926,-0.9026,-0.1881,0.7909,0.0500,0.3442,0.0195,-0.3878,-0.8549,-0.0753,-0.2458,0.9664
6.6013,-0.0418,1.1378,-0.0206,0.1226,-0.0435,0.0290,0.9911,0.0390,0.7741,0.1839,0.0944,0.2798,0.3034,-0.9060,-0.1876,0.7936,0.0484,0.3467,0.0252,-0.3869,-0.8541,-0.0792,-0.2455,0.9662
6.6576,-0.0430,1.1378,-0.0197,0.1235,-0.0474,0.0304,0.9907,0.0424,0.7681,0.1860,0.1085,0.2651,0.3059,-0.9080,-0.1871,0.7941,0.0480,0.3511,0.0397,-0.3914,-0.8497,-0.0864,-0.2475,0.9650
6.7404,-0.0446,1.1380,-0.0176,0.1207,-0.0487,0.0301,0.9910,0.0410,0.7592,0.1854,0.1379,0.2095,0.3056,-0.9185,-0.1873,0.7938,0.0484,0.3612,0.0692,-0.3894,-0.8445,-0.0892,-0.2422,0.9661
6.7959,-0.0458,1.1384,-0.0144,0.1188,-0.0498,0.0302,0.9912,0.0185,0.7780,0.1942,0.1036,0.2415,0.3149,-0.9120,-0.1878,0.7921,0.0488,0.3666,0.0647,-0.3811,-0.8463,-0.0915,-0.2385,0.9668
6.8513,-0.0467,1.1393,-0.0115,0.1165,-0.0522,0.0275,0.9914,-0.0254,0.8101,0.2189,0.1157,0.2668,0.2893,-0.9120,-0.1875,0.7915,0.0488,0.3609,0.0570,-0.3848,-0.8476,-0.0971,-0.2339,0.9674
6.9348,-0.0475,1.1402,-0.0085,0.1132,-0.0558,0.0247,0.9917,-0.0704,0.8349,0.2519,0.1351,0.2778,0.2499,-0.9177,-0.1866,0.7904,0.0493,0.3566,0.0519,-0.3883,-0.8482,-0.1051,-0.2272,0.9682
6.9902,-0.0490,1.1414,-0.0044,0.1085,-0.0601,0.0218,0.9920,-0.1116,0.8280,0.2988,0.1169,0.2682,0.2491,-0.9232,-0.1882,0.7892,0.0495,0.3588,0.0556,-0.3953,-0.8437,-0.1145,-0.2179,0.9692
7.0464,-0.0495,1.1420,-0.0023,0.1074,-0.0613,0.0186,0.9921,-0.1377,0.8152,0.3268,0.0938,0.2188,0.1974,-0.9510,-0.1907,0.7882,0.0493,0.3626,0.0595,-0.3923,-0.8433,-0.1176,-0.2154,0.9694
7.1296,-0.0497,1.1420,-0.0014,0.1073,-0.0589,0.0152,0.9924,-0.1622,0.7768,0.3545,0.0935,0.1467,0.1753,-0.9690,-0.1979,0.7895,0.0457,0.3610,0.0547,-0.3936,-0.8436,-0.1137,-0.2147,0.9700
7.1853,-0.0501,1.1423,0.0002,0.1064,-0.0570,0.0131,0.9926,-0.1615,0.7630,0.3651,0.0494,0.1335,0.0993,-0.9848,-0.2002,0.7893,0.0441,0.3722,0.0761,-0.3841,-0.8415,-0.1104,-0.2127,0.9709
7.2413,-0.0494,1.1425,-0.0010,0.1058,-0.0507,0.0123,0.9930,-0.1551,0.7551,0.3672,0.0279,0.1386,0.0316,-0.9894,-0.2007,0.7906,0.0436,0.3732,0.0903,-0.3746,-0.8439,-0.0981,-0.2114,0.9725
7.3239,-0.0473,1.1423,-0.0038,0.1069,-0.0439,0.0152,0.9932,-0.1406,0.7691,0.3469,0.0390,0.1527,-0.0301,-0.9870,-0.2011,0.7929,0.0430,0.3688,0.0921,-0.3709,-0.8473,-0.0840,-0.2136,0.9733
7.3803,-0.0446,1.1419,-0.0067,0.1072,-0.0354,0.0200,0.9934,-0.1304,0.7658,0.3400,0.1232,0.2223,-0.0107,-0.9671,-0.1984,0.7935,0.0435,0.3651,0.0855,-0.3765,-0.8471,-0.0661,-0.2144,0.9745
7.4357,-0.0431,1.1423,-0.0085,0.1065,-0.0321,0.0220,0.9936,-0.1241,0.7637,0.3398,0.1278,0.2318,0.0574,-0.9626,-0.1953,0.7940,0.0435,0.3650,0.0832,-0.3782,-0.8466,-0.0590,-0.2130,0.9753
7.5176,-0.0413,1.1418,-0.0109,0.1076,-0.0305,0.0223,0.9935,-0.1241,0.7579,0.3431,0.1547,0.2421,0.1705,-0.9425,-0.1913,0.7950,0.0427,0.3638,0.0799,-0.3796,-0.8469,-0.0558,-0.2152,0.9750
7.5746,-0.0394,1.1416,-0.0139,0.1085,-0.0265,0.0228,0.9935,-0.0628,0.8530,0.2839,0.1492,0.2264,0.3299,-0.9042,-0.1879,0.7923,0.0442,0.3651,0.0797,-0.3768,-0.8475,-0.0477,-0.2169,0.9750
7.6301,-0.0381,1.1413,-0.0160,0.1110,-0.0231,0.0238,0.9933,-0.0158,0.8948,0.2559,0.1800,0.2120,0.3992,-0.8737,-0.1873,0.7921,0.0446,0.3668,0.0789,-0.3763,-0.8471,-0.0405,-0.2217,0.9743
7.7127,-0.0368,1.1414,-0.0169,0.1093,-0.0205,0.0249,0.9935,0.0475,0.9143,0.2382,0.1822,0.2248,0.4155,-0.8623,-0.1867,0.7944,0.0434,0.3703,0.0750,-0.3743,-0.8469,-0.0354,-0.2183,0.9752
7.7683,-0.0352,1.1410,-0.0186,0.1108,-0.0168,0.0260,0.9934,0.0805,0.8707,0.2594,0.2218,0.1167,0.3757,-0.8922,-0.1841,0.7983,0.0421,0.3691,0.0726,-0.3741,-0.8476,-0.0275,-0.2210,0.9749
7.8246,-0.0340,1.1415,-0.0184,0.1090,-0.0150,0.0268,0.9936,0.0939,0.8347,0.2686,0.2036,0.1272,0.3311,-0.9126,-0.1818,0.7989,0.0426,0.3690,0.0720,-0.3725,-0.8485,-0.0240,-0.2175,0.9758
7.9070,-0.0328,1.1409,-0.0181,0.1106,-0.0169,0.0262,0.9934,0.0924,0.8022,0.2672,0.1218,0.1472,0.2579,-0.9471,-0.1786,0.7980,0.0435,0.3680,0.0745,-0.3736,-0.8482,-0.0279,-0.2207,0.9750
7.9636,-0.0312,1.1407,-0.0178,0.1125,-0.0195,0.0242,0.9932,0.0721,0.7868,0.2629,0.0553,0.1634,0.2192,-0.9603,-0.1778,0.7959,0.0444,0.3693,0.0539,-0.3785,-0.8470,-0.0333,-0.2245,0.9739
8.0201,-0.0301,1.1405,-0.0176,0.1136,-0.0201,0.0214,0.9931,0.0606,0.7807,0.2675,0.0664,0.1572,0.2298,-0.9582,-0.1780,0.7946,0.0448,0.3688,0.0432,-0.3881,-0.8435,-0.0352,-0.2264,0.9734
8.1028,-0.0304,1.1404,-0.0171,0.1142,-0.0199,0.0212,0.9930,0.0535,0.7735,0.2775,0.0529,0.1263,0.2426,-0.9604,-0.1784,0.7946,0.0455,0.3691,0.0441,-0.3939,-0.8407,-0.0347,-0.2277,0.9731
8.1573,-0.0304,1.1398,-0.0166,0.1158,-0.0209,0.0211,0.9928,0.0520,0.7675,0.2844,0.0584,0.1392,0.2526,-0.9557,-0.1803,0.7953,0.0449,0.3715,0.0485,-0.3891,-0.8416,-0.0366,-0.2309,0.9723
8.2130,-0.0306,1.1393,-0.0169,0.1172,-0.0209,0.0224,0.9926,0.0512,0.7713,0.2846,0.0558,0.1475,0.2611,-0.9524,-0.1818,0.7955,0.0450,0.3722,0.0543,-0.3840,-0.8432,-0.0362,-0.2337,0.9716
8.2957,-0.0304,1.1397,-0.0171,0.1160,-0.0202,0.0219,0.9928,0.0511,0.7755,0.2840,0.0435,0.1528,0.2677,-0.9503,-0.1838,0.7957,0.0445,0.3744,0.0584,-0.3762,-0.8455,-0.0351,-0.2311,0.9723
8.3519,-0.0299,1.1396,-0.0170,0.1157,-0.0197,0.0213,0.9929,0.0510,0.7798,0.2824,0.0200,0.1292,0.2829,-0.9502,-0.1819,0.7977,0.0442,0.3640,0.0668,-0.3767,-0.8492,-0.0343,-0.2305,0.9725
8.4070,-0.0294,1.1393,-0.0167,0.1164,-0.0193,0.0210,0.9928,0.0534,0.7801,0.2818,0.0260,0.1313,0.2914,-0.9472,-0.1807,0.7984,0.0439,0.3670,0.0628,-0.3718,-0.8504,-0.0334,-0.2318,0.9722
8.4901,-0.0290,1.1390,-0.0166,0.1170,-0.0200,0.0200,0.9927,0.0593,0.7782,0.2840,0.0298,0.1283,0.3090,-0.9419,-0.1809,0.7973,0.0437,0.3705,0.0621,-0.3589,-0.8544,-0.0350,-0.2331,0.9718
8.5459,-0.0286,1.1389,-0.0167,0.1181,-0.0207,0.0188,0.9926,0.0721,0.7872,0.2778,0.0328,0.1373,0.3392,-0.9301,-0.1812,0.7974,0.0440,0.3694,0.0616,-0.3679,-0.8511,-0.0366,-0.2352,0.9713
8.6021,-0.0284,1.1391,-0.0169,0.1173,-0.0211,0.0192,0.9927,0.0768,0.7950,0.2729,0.0422,0.1442,0.3509,-0.9243,-0.1817,0.7973,0.0442,0.3682,0.0616,-0.3718,-0.8500,-0.0373,-0.2338,0.9716
8.6844,-0.0279,1.1393,-0.0168,0.1170,-0.0219,0.0202,0.9927,0.0753,0.8009,0.2730,0.0493,0.1429,0.3512,-0.9240,-0.1816,0.7987,0.0440,0.3650,0.0623,-0.3773,-0.8488,-0.0387,-0.2331,0.9717
8.7414,-0.0273,1.1391,-0.0169,0.1175,-0.0236,0.0199,0.9926,0.0619,0.8137,0.2782,0.1087,0.1672,0.3104,-0.9295,-0.1806,0.8006,0.0447,0.3630,0.0635,-0.3794,-0.8487,-0.0421,-0.2342,0.9713
8.7970,-0.0267,1.1389,-0.0169,0.1183,-0.0241,0.0191,0.9925,0.0471,0.8237,0.2835,0.1419,0.1872,0.2655,-0.9351,-0.1800,0.8016,0.0446,0.3632,0.0614,-0.3795,-0.8487,-0.0432,-0.2358,0.9708
8.8788,-0.0266,1.1389,-0.0168,0.1191,-0.0248,0.0186,0.9924,0.0318,0.8333,0.2920,0.1122,0.1970,0.2601,-0.9386,-0.1800,0.8012,0.0447,0.3643,0.0601,-0.3789,-0.8486,-0.0448,-0.2374,0.9704
8.9355,-0.0268,1.1387,-0.0168,0.1202,-0.0257,0.0182,0.9922,0.0104,0.8222,0.3116,0.0255,0.1953,0.1948,-0.9609,-0.1805,0.8023,0.0439,0.3643,0.0605,-0.3815,-0.8474,-0.0467,-0.2395,0.9698
8.9909,-0.0277,1.1388,-0.0166,0.1205,-0.0263,0.0171,0.9922,0.0043,0.8135,0.3151,0.0030,0.1917,0.1859,-0.9637,-0.1816,0.8026,0.0436,0.3654,0.0596,-0.3829,-0.8463,-0.0480,-0.2400,0.9696
9.0736,-0.0288,1.1384,-0.0165,0.1217,-0.0263,0.0183,0.9921,0.0064,0.8128,0.3131,-0.0156,0.1878,0.1788,-0.9657,-0.1828,0.8028,0.0433,0.3682,0.0557,-0.3833,-0.8452,-0.0478,-0.2424,0.9690
9.1296,-0.0298,1.1376,-0.0170,0.1243,-0.0239,0.0193,0.9918,0.0171,0.8143,0.3045,0.0141,0.1886,0.2187,-0.9573,-0.1861,0.8026,0.0444,0.3716,0.0569,-0.3889,-0.8411,-0.0426,-0.2475,0.9680
9.1858,-0.0294,1.1372,-0.0182,0.1254,-0.0182,0.0220,0.9917,0.0288,0.8175,0.2906,0.0460,0.1936,0.2578,-0.9455,-0.1887,0.8021,0.0449,0.3723,0.0597,-0.3891,-0.8405,-0.0306,-0.2495,0.9679
9.2694,-0.0288,1.1375,-0.0191,0.1242,-0.0156,0.0229,0.9919,0.0482,0.8130,0.2832,0.1151,0.1735,0.3514,-0.9128,-0.1892,0.8011,0.0454,0.3742,0.0624,-0.3891,-0.8394,-0.0253,-0.2470,0.9687
9.3238,-0.0283,1.1373,-0.0203,0.1250,-0.0121,0.0247,0.9918,0.0859,0.8074,0.2615,0.1474,0.1465,0.3596,-0.9097,-0.1875,0.8029,0.0444,0.3730,0.0618,-0.3873,-0.8409,-0.0179,-0.2485,0.9685
9.3802,-0.0278,1.1374,-0.0205,0.1238,-0.0137,0.0266,0.9919,0.1092,0.8061,0.2556,0.1550,0.1226,0.3604,-0.9116,-0.1863,0.8038,0.0438,0.3724,0.0609,-0.3890,-0.8404,-0.0206,-0.2462,0.9690
9.4629,-0.0271,1.1377,-0.0209,0.1232,-0.0133,0.0254,0.9920,0.1324,0.7996,0.2621,0.1736,0.0698,0.3502,-0.9178,-0.1849,0.8042,0.0432,0.3717,0.0602,-0.3912,-0.8397,-0.0201,-0.2452,0.9693
9.5190,-0.0263,1.1380,-0.0215,0.1217,-0.0128,0.0260,0.9921,0.1378,0.7979,0.2698,0.1372,0.1032,0.3544,-0.9192,-0.1820,0.8034,0.0434,0.3699,0.0596,-0.3917,-0.8403,-0.0192,-0.2422,0.9700
9.5740,-0.0255,1.1385,-0.0214,0.1206,-0.0111,0.0271,0.9923,0.1253,0.8019,0.2681,0.0992,0.1294,0.3401,-0.9261,-0.1795,0.8033,0.0434,0.3671,0.0589,-0.3927,-0.8411,-0.0155,-0.2399,0.9707
9.6562,-0.0251,1.1388,-0.0207,0.1197,-0.0137,0.0255,0.9924,0.1173,0.8099,0.2655,-0.0777,0.2412,0.1151,-0.9605,-0.1757,0.8067,0.0432,0.3605,0.0569,-0.3947,-0.8432,-0.0211,-0.2382,0.9710
9.7125,-0.0246,1.1391,-0.0198,0.1186,-0.0170,0.0248,0.9925,0.0701,0.7923,0.2773,-0.0391,0.1833,0.2185,-0.9577,-0.1741,0.8053,0.0439,0.3601,0.0568,-0.3956,-0.8430,-0.0279,-0.2362,0.9713
9.7679,-0.0246,1.1386,-0.0191,0.1204,-0.0196,0.0224,0.9923,0.0469,0.7845,0.2760,-0.0090,0.1577,0.2193,-0.9628,-0.1757,0.8038,0.0438,0.3618,0.0549,-0.3934,-0.8434,-0.0336,-0.2398,0.9702
9.8511,-0.0244,1.1381,-0.0186,0.1223,-0.0187,0.0218,0.9921,0.0218,0.7699,0.2776,-0.0077,0.1116,0.2111,-0.9710,-0.1778,0.8030,0.0435,0.3654,0.0502,-0.3842,-0.8464,-0.0317,-0.2435,0.9694
9.9071,-0.0242,1.1377,-0.0182,0.1239,-0.0189,0.0210,0.9919,0.0022,0.7712,0.2678,0.0875,0.1316,0.1929,-0.9684,-0.1803,0.8010,0.0425,0.3653,0.0537,-0.3867,-0.8450,-0.0324,-0.2465,0.9686
9.9630,-0.0247,1.1380,-0.0177,0.1229,-0.0196,0.0203,0.9920,0.0015,0.7648,0.2712,0.1157,0.1464,0.2011,-0.9616,-0.1817,0.8002,0.0422,0.3666,0.0529,-0.3860,-0.8449,-0.0340,-0.2447,0.9690
10.0466,-0.0251,1.1381,-0.0171,0.1232,-0.0193,0.0195,0.9920,0.0022,0.7656,0.2734,0.0896,0.1449,0.2235,-0.9597,-0.1821,0.8003,0.0418,0.3659,0.0521,-0.3881,-0.8443,-0.0334,-0.2452,0.9689
10.1018,-0.0248,1.1380,-0.0165,0.1234,-0.0169,0.0185,0.9920,0.0113,0.7711,0.2775,0.0465,0.1149,0.1625,-0.9789,-0.1813,0.8011,0.0415,0.3673,0.0526,-0.3851,-0.8450,-0.0289,-0.2454,0.9690
10.1577,-0.0232,1.1373,-0.0172,0.1255,-0.0111,0.0190,0.9919,0.0182,0.7749,0.2766,0.0273,0.1040,0.1727,-0.9791,-0.1814,0.8016,0.0416,0.3672,0.0548,-0.3864,-0.8443,-0.0172,-0.2494,0.9683
10.2405,-0.0209,1.1378,-0.0186,0.1237,-0.0057,0.0190,0.9921,0.0265,0.7773,0.2742,0.0418,0.1207,0.1806,-0.9752,-0.1825,0.8016,0.0417,0.3642,0.0557,-0.3898,-0.8440,-0.0065,-0.2457,0.9693
10.2964,-0.0177,1.1386,-0.0193,0.1226,0.0036,0.0198,0.9923,0.0343,0.7764,0.2704,0.0603,0.1064,0.2458,-0.9616,-0.1814,0.8011,0.0425,0.3649,0.0536,-0.3890,-0.8442,0.0119,-0.2431,0.9699
10.3521,-0.0145,1.1379,-0.0191,0.1246,0.0142,0.0195,0.9919,0.0351,0.7745,0.2709,0.0797,0.0987,0.2914,-0.9482,-0.1796,0.8015,0.0431,0.3652,0.0512,-0.3881,-0.8446,0.0330,-0.2466,0.9685
10.4341,-0.0113,1.1371,-0.0193,0.1290,0.0297,0.0183,0.9910,0.0340,0.7731,0.2748,0.0853,0.0953,0.2747,-0.9530,-0.1761,0.8016,0.0440,0.3658,0.0501,-0.3880,-0.8445,0.0636,-0.2545,0.9650
10.4906,-0.0078,1.1369,-0.0198,0.1321,0.0457,0.0165,0.9900,0.0635,0.8174,0.2672,0.1702,0.1090,0.3571,-0.9119,-0.1749,0.8007,0.0452,0.3651,0.0474,-0.3948,-0.8418,0.0948,-0.2600,0.9609
10.5471,-0.0071,1.1372,-0.0197,0.1299,0.0515,0.0150,0.9901,0.0838,0.8516,0.2502,0.2129,0.0527,0.4121,-0.8844,-0.1747,0.8004,0.0462,0.3623,0.0506,-0.4071,-0.8369,0.1059,-0.2557,0.9610
10.6297,-0.0067,1.1367,-0.0198,0.1309,0.0530,0.0166,0.9898,0.1154,0.8694,0.2328,0.2401,0.0119,0.4262,-0.8721,-0.1755,0.8015,0.0465,0.3560,0.0521,-0.4249,-0.8307,0.1093,-0.2573,0.9601
10.6859,-0.0060,1.1363,-0.0200,0.1326,0.0567,0.0171,0.9894,0.1364,0.8572,0.2199,0.2950,-0.1149,0.3799,-0.8692,-0.1752,0.8016,0.0465,0.3479,0.0564,-0.4388,-0.8266,0.1167,-0.2604,0.9584
10.7413,-0.0056,1.1363,-0.0206,0.1313,0.0574,0.0168,0.9895,0.1448,0.8328,0.2241,0.2972,-0.0835,0.3460,-0.8860,-0.1747,0.8003,0.0468,0.3498,0.0531,-0.4330,-0.8290,0.1181,-0.2579,0.9589
10.8232,-0.0051,1.1370,-0.0205,0.1292,0.0576,0.0175,0.9898,0.1464,0.7992,0.2348,0.2607,-0.0858,0.3355,-0.9012,-0.1741,0.7986,0.0473,0.3446,0.0487,-0.4319,-0.8320,0.1185,-0.2538,0.9600
10.8798,-0.0038,1.1372,-0.0202,0.1281,0.0603,0.0178,0.9898,0.1396,0.7613,0.2502,0.2471,-0.0703,0.2373,-0.9368,-0.1713,0.7996,0.0484,0.3475,0.0488,-0.4263,-0.8337,0.1240,-0.2515,0.9599
10.9354,-0.0027,1.1370,-0.0198,0.1284,0.0636,0.0171,0.9895,0.1344,0.7490,0.2542,0.2440,-0.0664,0.2304,-0.9397,-0.1705,0.7998,0.0491,0.3489,0.0500,-0.4242,-0.8341,0.1303,-0.2518,0.9590
11.0176,-0.0022,1.1372,-0.0202,0.1287,0.0665,0.0164,0.9893,0.1303,0.7415,0.2545,0.2473,-0.0635,0.2542,-0.9328,-0.1718,0.8002,0.0487,0.3515,0.0489,-0.4195,-0.8355,0.1358,-0.2524,0.9580
11.0736,-0.0013,1.1374,-0.0210,0.1285,0.0709,0.0157,0.9890,0.1264,0.7578,0.2512,0.2081,-0.0836,0.2525,-0.9413,-0.1728,0.8014,0.0477,0.3486,0.0531,-0.4281,-0.8321,0.1443,-0.2520,0.9569
11.1291,-0.0010,1.1379,-0.0219,0.1263,0.0726,0.0153,0.9892,0.1263,0.7636,0.2502,0.1815,-0.0923,0.2515,-0.9462,-0.1732,0.8023,0.0474,0.3492,0.0532,-0.4298,-0.8310,0.1475,-0.2476,0.9576
11.2116,-0.0010,1.1382,-0.0223,0.1246,0.0713,0.0157,0.9895,0.1263,0.7674,0.2504,0.1587,-0.0939,0.2504,-0.9504,-0.1735,0.8021,0.0477,0.3506,0.0526,-0.4275,-0.8316,0.1451,-0.2444,0.9588
11.2678,-0.0006,1.1386,-0.0229,0.1240,0.0726,0.0161,0.9895,0.1274,0.7672,0.2470,0.1607,-0.0685,0.2288,-0.9577,-0.1735,0.8012,0.0481,0.3496,0.0521,-0.4296,-0.8310,0.1477,-0.2431,0.9587
11.3239,0.0001,1.1388,-0.0231,0.1231,0.0741,0.0149,0.9895,0.1292,0.7667,0.2426,0.1642,-0.0504,0.2228,-0.9596,-0.1732,0.8011,0.0480,0.3504,0.0519,-0.4285,-0.8312,0.1503,-0.2414,0.9587
11.4076,0.0021,1.1399,-0.0237,0.1182,0.0851,0.0164,0.9892,0.1322,0.7654,0.2451,0.1532,-0.0629,0.2114,-0.9633,-0.1711,0.8027,0.0474,0.3506,0.0552,-0.4253,-0.8326,0.1722,-0.2311,0.9576
11.4623,0.0047,1.1411,-0.0254,0.1142,0.1001,0.0196,0.9882,0.1346,0.7687,0.2317,0.2066,-0.0212,0.2675,-0.9409,-0.1768,0.7980,0.0497,0.3548,0.0494,-0.4289,-0.8293,0.2023,-0.2218,0.9539
11.5182,0.0060,1.1424,-0.0270,0.1095,0.1108,0.0218,0.9875,0.1336,0.7751,0.2227,0.2269,-0.0139,0.2850,-0.9312,-0.1776,0.7984,0.0503,0.3553,0.0492,-0.4310,-0.8280,0.2237,-0.2114,0.9514
11.6016,0.0074,1.1434,-0.0291,0.1049,0.1205,0.0236,0.9869,0.1293,0.7899,0.2096,0.2370,-0.0188,0.2928,-0.9262,-0.1772,0.8000,0.0501,0.3561,0.0485,-0.4306,-0.8279,0.2427,-0.2014,0.9489
11.6580,0.0095,1.1449,-0.0316,0.1001,0.1327,0.0251,0.9858,0.1314,0.7912,0.2156,0.2267,-0.0284,0.2886,-0.9298,-0.1774,0.7996,0.0507,0.3594,0.0432,-0.4289,-0.8276,0.2665,-0.1906,0.9448
11.7135,0.0104,1.1455,-0.0328,0.0978,0.1378,0.0256,0.9853,0.1334,0.7915,0.2188,0.2198,-0.0311,0.2840,-0.9328,-0.1771,0.7992,0.0511,0.3607,0.0420,-0.4287,-0.8273,0.2766,-0.1856,0.9429
11.7955,0.0099,1.1446,-0.0335,0.1038,0.1313,0.0228,0.9856,0.1354,0.7905,0.2222,0.2144,-0.0322,0.2896,-0.9323,-0.1773,0.7994,0.0511,0.3583,0.0433,-0.4301,-0.8275,0.2635,-0.1987,0.9440
11.8514,0.0094,1.1439,-0.0343,0.1080,0.1267,0.0211,0.9858,0.1405,0.7914,0.2230,0.1943,-0.0350,0.2927,-0.9356,-0.1797,0.7992,0.0508,0.3560,0.0453,-0.4300,-0.8284,0.2544,-0.2076,0.9445
11.9077,0.0084,1.1432,-0.0346,0.1115,0.1233,0.0213,0.9859,0.1497,0.7926,0.2226,0.1654,-0.0322,0.2834,-0.9441,-0.1813,0.7994,0.0508,0.3560,0.0457,-0.4309,-0.8280,0.2478,-0.2145,0.9448
11.9907,0.0067,1.1437,-0.0345,0.1091,0.1187,0.0226,0.9867,0.1683,0.7963,0.2236,0.1116,-0.0325,0.2926,-0.9491,-0.1835,0.7993,0.0505,0.3564,0.0458,-0.4303,-0.8281,0.2392,-0.2099,0.9480
12.0465,0.0040,1.1432,-0.0342,0.1106,0.1067,0.0225,0.9879,0.1876,0.8065,0.2097,0.0853,-0.0523,0.2703,-0.9576,-0.1851,0.8008,0.0497,0.3567,0.0485,-0.4287,-0.8286,0.2158,-0.2137,0.9528
12.1028,0.0014,1.1429,-0.0339,0.1116,0.0926,0.0225,0.9892,0.1943,0.8173,0.1957,0.0538,-0.0607,0.2541,-0.9638,-0.1861,0.8009,0.0497,0.3573,0.0504,-0.4282,-0.8285,0.1883,-0.2167,0.9579
12.1843,-0.0002,1.1426,-0.0338,0.1129,0.0870,0.0273,0.9894,0.1934,0.8260,0.1831,0.0564,-0.0589,0.2455,-0.9660,-0.1859,0.8013,0.0496,0.3569,0.0529,-0.4310,-0.8271,0.1782,-0.2186,0.9594
12.2410,-0.0022,1.1425,-0.0333,0.1139,0.0774,0.0314,0.9900,0.1867,0.8283,0.1764,0.0900,-0.0550,0.2675,-0.9578,-0.1854,0.7994,0.0513,0.3584,0.0504,-0.4330,-0.8256,0.1604,-0.2206,0.9621
12.2965,-0.0032,1.1423,-0.0331,0.1156,0.0734,0.0314,0.9901,0.1847,0.8273,0.1792,0.1468,-0.0643,0.3252,-0.9320,-0.1848,0.7973,0.0525,0.3602,0.0488,-0.4342,-0.8242,0.1526,-0.2244,0.9625
12.3794,-0.0043,1.1419,-0.0331,0.1156,0.0694,0.0322,0.9903,0.1831,0.8304,0.1807,0.2801,-0.0640,0.4546,-0.8431,-0.1836,0.7946,0.0538,0.3603,0.0506,-0.4353,-0.8235,0.1450,-0.2245,0.9636
12.4346,-0.0054,1.1417,-0.0331,0.1163,0.0650,0.0333,0.9905,0.1694,0.8321,0.1782,0.3101,-0.0962,0.4262,-0.8443,-0.1835,0.7951,0.0523,0.3569,0.0506,-0.4335,-0.8259,0.1364,-0.2261,0.9645
12.4900,-0.0067,1.1415,-0.0329,0.1162,0.0588,0.0327,0.9910,0.1604,0.8291,0.1776,0.3103,-0.0631,0.4191,-0.8509,-0.1834,0.7964,0.0507,0.3439,0.0532,-0.4297,-0.8332,0.1240,-0.2264,0.9661
12.5729,-0.0095,1.1413,-0.0328,0.1167,0.0420,0.0319,0.9918,0.1354,0.8197,0.1777,0.3606,-0.1052,0.3399,-0.8622,-0.1819,0.7989,0.0486,0.3231,0.0544,-0.4215,-0.8456,0.0907,-0.2288,0.9692
12.6283,-0.0126,1.1409,-0.0324,0.1164,0.0227,0.0317,0.9924,0.1126,0.8122,0.1696,0.2326,0.1386,0.4433,-0.8545,-0.1768,0.8061,0.0444,0.3244,0.0258,-0.4317,-0.8413,0.0524,-0.2295,0.9719
12.6845,-0.0149,1.1413,-0.0317,0.1178,0.0117,0.0320,0.9925,0.1021,0.8052,0.1724,0.2047,0.1375,0.3932,-0.8858,-0.1739,0.8094,0.0425,0.3275,0.0139,-0.4255,-0.8435,0.0307,-0.2330,0.9720
12.7681,-0.0160,1.1407,-0.0314,0.1187,0.0061,0.0324,0.9924,0.0891,0.7994,0.1830,0.2066,0.1087,0.3525,-0.9062,-0.1752,0.8080,0.0387,0.3232,-0.0094,-0.4100,-0.8529,0.0198,-0.2353,0.9717
12.8224,-0.0175,1.1401,-0.0310,0.1206,-0.0002,0.0328,0.9922,0.0775,0.8028,0.1856,0.1737,0.1242,0.3865,-0.8972,-0.1762,0.8077,0.0400,0.3211,0.0089,-0.3949,-0.8607,0.0075,-0.2394,0.9709
12.8784,-0.0181,1.1397,-0.0304,0.1223,0.0001,0.0327,0.9920,0.0753,0.8036,0.1893,0.1563,0.1294,0.3781,-0.9033,-0.1774,0.8062,0.0409,0.3196,0.0203,-0.3881,-0.8642,0.0083,-0.2425,0.9701
12.9616,-0.0181,1.1395,-0.0301,0.1226,0.0031,0.0329,0.9919,0.0727,0.7999,0.1939,0.1518,0.1265,0.3463,-0.9171,-0.1780,0.8050,0.0407,0.3186,0.0275,-0.3913,-0.8629,0.0143,-0.2431,0.9699
13.0167,-0.0182,1.1390,-0.0299,0.1236,0.0046,0.0336,0.9918,0.0677,0.7921,0.1850,0.0919,0.1659,0.3413,-0.9206,-0.1783,0.8072,0.0394,0.3256,0.0194,-0.4000,-0.8565,0.0173,-0.2448,0.9694
13.0724,-0.0181,1.1388,-0.0301,0.1247,0.0044,0.0332,0.9916,0.0695,0.7834,0.1788,0.0761,0.2294,0.3489,-0.9055,-0.1775,0.8081,0.0389,0.3277,0.0184,-0.4019,-0.8549,0.0170,-0.2470,0.9689
13.1559,-0.0180,1.1390,-0.0301,0.1237,0.0037,0.0331,0.9918,0.0737,0.7709,0.1795,0.1113,0.2611,0.3458,-0.8943,-0.1776,0.8077,0.0382,0.3217,0.0198,-0.4160,-0.8503,0.0154,-0.2452,0.9693
13.2111,-0.0177,1.1389,-0.0303,0.1240,0.0024,0.0337,0.9917,0.0844,0.7653,0.1822,0.1237,0.2451,0.3536,-0.8942,-0.1772,0.8078,0.0371,0.2996,0.0203,-0.4385,-0.8471,0.0131,-0.2457,0.9692
13.2669,-0.0174,1.1387,-0.0306,0.1240,0.0023,0.0340,0.9917,0.0945,0.7655,0.1829,0.1174,0.2283,0.3602,-0.8969,-0.1767,0.8085,0.0368,0.3055,0.0199,-0.4318,-0.8484,0.0131,-0.2458,0.9692
13.3511,-0.0164,1.1386,-0.0310,0.1247,0.0061,0.0350,0.9916,0.1008,0.7640,0.1812,0.1227,0.2177,0.3609,-0.8985,-0.1764,0.8081,0.0373,0.3114,0.0195,-0.4286,-0.8479,0.0209,-0.2469,0.9688
13.4062,-0.0139,1.1388,-0.0314,0.1243,0.0140,0.0361,0.9915,0.1063,0.7771,0.1756,0.1259,0.1430,0.3770,-0.9064,-0.1745,0.8101,0.0373,0.3114,0.0182,-0.4303,-0.8471,0.0368,-0.2455,0.9687
13.4622,-0.0114,1.1389,-0.0316,0.1240,0.0259,0.0372,0.9912,0.1076,0.7832,0.1728,0.1272,0.1078,0.3937,-0.9040,-0.1728,0.8107,0.0382,0.3111,0.0166,-0.4337,-0.8455,0.0605,-0.2439,0.9679
13.5460,-0.0091,1.1392,-0.0317,0.1234,0.0375,0.0369,0.9910,0.1089,0.7852,0.1731,0.1358,0.1028,0.4163,-0.8931,-0.1696,0.8102,0.0395,0.3145,0.0164,-0.4354,-0.8434,0.0835,-0.2418,0.9667
13.6011,-0.0056,1.1393,-0.0322,0.1226,0.0535,0.0375,0.9903,0.1081,0.7839,0.1748,0.1249,0.0936,0.4083,-0.8994,-0.1685,0.8101,0.0399,0.3252,0.0130,-0.4296,-0.8423,0.1152,-0.2388,0.9642
13.6570,-0.0033,1.1396,-0.0323,0.1220,0.0642,0.0377,0.9897,0.1085,0.7804,0.1766,0.1313,0.1076,0.3993,-0.9010,-0.1675,0.8119,0.0397,0.3384,0.0157,-0.4187,-0.8426,0.1363,-0.2366,0.9620
13.7394,-0.0020,1.1396,-0.0325,0.1224,0.0715,0.0384,0.9892,0.1103,0.7771,0.1778,0.1427,0.1253,0.3870,-0.9023,-0.1687,0.8120,0.0389,0.3429,0.0135,-0.4110,-0.8446,0.1508,-0.2367,0.9598
13.7955,0.0000,1.1396,-0.0330,0.1227,0.0819,0.0394,0.9883,0.1092,0.7765,0.1774,0.1743,0.1401,0.3611,-0.9053,-0.1685,0.8118,0.0411,0.3392,0.0306,-0.4366,-0.8327,0.1716,-0.2361,0.9565
13.8510,0.0008,1.1395,-0.0332,0.1240,0.0842,0.0397,0.9879,0.1091,0.7769,0.1775,0.1734,0.1366,0.3709,-0.9021,-0.1674,0.8109,0.0425,0.3425,0.0426,-0.4428,-0.8275,0.1762,-0.2384,0.9551
13.9342,0.0003,1.1393,-0.0331,0.1247,0.0821,0.0401,0.9880,0.1075,0.7757,0.1772,0.1845,0.1283,0.3619,-0.9047,-0.1681,0.8075,0.0433,0.3345,0.0476,-0.4495,-0.8270,0.1722,-0.2399,0.9554
13.9898,0.0001,1.1388,-0.0332,0.1262,0.0808,0.0394,0.9879,0.1175,0.7799,0.1786,0.1850,0.1065,0.3728,-0.9030,-0.1681,0.8081,0.0429,0.3387,0.0498,-0.4267,-0.8371,0.1695,-0.2430,0.9551
14.0461,-0.0003,1.1388,-0.0336,0.1270,0.0788,0.0399,0.9880,0.1256,0.7834,0.1800,0.1974,0.0688,0.3679,-0.9061,-0.1683,0.8092,0.0426,0.3415,0.0494,-0.4145,-0.8421,0.1659,-0.2447,0.9553
14.1285,-0.0015,1.1391,-0.0341,0.1268,0.0737,0.0411,0.9883,0.1346,0.7950,0.1736,0.2141,0.0200,0.3643,-0.9061,-0.1670,0.8131,0.0399,0.3447,0.0447,-0.4073,-0.8446,0.1561,-0.2446,0.9570
14.1847,-0.0028,1.1389,-0.0350,0.1279,0.0657,0.0414,0.9887,0.1387,0.7974,0.1735,0.2550,0.0372,0.3775,-0.8894,-0.1748,0.8076,0.0422,0.3528,0.0126,-0.3931,-0.8490,0.1405,-0.2474,0.9587
14.2408,-0.0043,1.1387,-0.0357,0.1277,0.0555,0.0412,0.9894,0.1407,0.7989,0.1728,0.2868,0.0531,0.3848,-0.8757,-0.1781,0.8039,0.0438,0.3537,0.0095,-0.3895,-0.8503,0.1204,-0.2481,0.9612
14.3227,-0.0058,1.1386,-0.0363,0.1284,0.0457,0.0419,0.9898,0.1423,0.8026,0.1694,0.3416,0.0878,0.3125,-0.8820,-0.1784,0.8041,0.0441,0.3467,0.0126,-0.3941,-0.8511,0.1013,-0.2503,0.9629
14.3790,-0.0073,1.1386,-0.0372,0.1281,0.0326,0.0423,0.9903,0.1409,0.8111,0.1628,0.4223,0.1624,0.2499,-0.8560,-0.1765,0.8043,0.0471,0.3706,0.0163,-0.4698,-0.8010,0.0755,-0.2510,0.9650
14.4346,-0.0081,1.1380,-0.0374,0.1289,0.0256,0.0419,0.9904,0.1385,0.8157,0.1604,0.4638,0.1644,0.2290,-0.8399,-0.1754,0.8052,0.0510,0.3938,0.0284,-0.6544,-0.6449,0.0615,-0.2532,0.9654
14.5172,-0.0092,1.1377,-0.0378,0.1313,0.0187,0.0396,0.9904,0.1316,0.8216,0.1573,0.4949,0.1389,0.5117,-0.6884,-0.1723,0.8124,0.0507,0.3224,0.0496,-0.8329,-0.4471,0.0475,-0.2586,0.9648
14.5742,-0.0102,1.1375,-0.0389,0.1328,0.0103,0.0382,0.9904,0.1285,0.8557,0.1534,0.2467,0.1438,0.8132,-0.5071,-0.1810,0.8165,0.0585,0.3935,0.0498,-0.7320,-0.5539,0.0305,-0.2622,0.9645
14.6293,-0.0103,1.1382,-0.0406,0.1324,0.0079,0.0368,0.9905,0.1367,0.8782,0.1478,0.1437,0.1754,0.8934,-0.3880,-0.1869,0.8280,0.0605,0.4558,0.0306,-0.5941,-0.6620,0.0255,-0.2618,0.9648
14.7126,-0.0099,1.1376,-0.0417,0.1330,0.0096,0.0361,0.9904,0.1119,0.9216,0.1301,0.3260,0.1082,0.7795,-0.5239,-0.1822,0.8360,0.0593,0.5486,-0.0021,-0.2003,-0.8117,0.0287,-0.2628,0.9644
14.7677,-0.0098,1.1372,-0.0430,0.1339,0.0104,0.0334,0.9904,0.1156,0.9109,0.1479,0.6002,0.1849,0.0289,-0.7776,-0.2001,0.8345,0.0741,0.5834,-0.0856,0.1168,-0.7992,0.0296,-0.2645,0.9639
14.8239,-0.0095,1.1376,-0.0431,0.1326,0.0106,0.0354,0.9905,0.1223,0.9011,0.1589,0.6991,0.2192,-0.1219,-0.6696,-0.2063,0.8375,0.0968,0.6880,-0.0981,0.0954,-0.7127,0.0303,-0.2619,0.9646
14.9072,-0.0088,1.1385,-0.0440,0.1318,0.0132,0.0361,0.9905,0.0989,0.9123,0.1858,0.5963,0.2643,0.5168,-0.5545,-0.1885,0.8630,0.1229,0.6370,-0.0947,-0.4382,-0.6272,0.0356,-0.2601,0.9649
14.9620,-0.0077,1.1409,-0.0449,0.1270,0.0193,0.0339,0.9911,0.1188,0.9522,0.1501,0.0701,0.2848,0.8564,-0.4249,-0.1770,0.9130,0.0947,0.2730,-0.1395,-0.8405,-0.4467,0.0468,-0.2504,0.9670
15.0187,-0.0062,1.1412,-0.0453,0.1197,0.0272,0.0339,0.9919,0.1154,0.9574,0.1461,0.0788,0.2791,0.8250,-0.4851,-0.1699,0.9342,0.0790,0.2650,-0.1659,-0.8195,-0.4803,0.0622,-0.2357,0.9698
15.1009,-0.0051,1.1421,-0.0463,0.1209,0.0336,0.0350,0.9915,0.0891,0.9496,0.1570,0.6177,0.2609,0.0569,-0.7397,-0.1651,0.9207,0.0979,0.6799,-0.1535,-0.0502,-0.7153,0.0751,-0.2374,0.9685
15.1567,-0.0037,1.1431,-0.0462,0.1153,0.0383,0.0348,0.9920,0.0846,0.9384,0.1565,0.6669,0.2037,0.0474,-0.7152,-0.1746,0.9170,0.1089,0.6982,-0.0436,0.1104,-0.7060,0.0839,-0.2260,0.9705
15.2122,-0.0029,1.1424,-0.0470,0.1219,0.0396,0.0316,0.9913,0.0833,0.9400,0.1517,0.2964,0.3319,0.6907,-0.5700,-0.1668,0.9259,0.1043,0.5055,-0.1685,-0.5439,-0.6482,0.0862,-0.2391,0.9672
15.2952,-0.0034,1.1424,-0.0461,0.1185,0.0344,0.0303,0.9919,0.0892,0.9434,0.1478,0.5941,0.1357,0.0678,-0.7900,-0.1585,0.9366,0.0841,0.5656,0.0586,-0.0897,-0.8177,0.0754,-0.2331,0.9695
15.3512,-0.0039,1.1415,-0.0455,0.1246,0.0276,0.0305,0.9914,0.0942,0.9395,0.1527,0.5832,0.2382,0.2725,-0.7273,-0.1645,0.9227,0.0920,0.6890,-0.1385,-0.2033,-0.6817,0.0623,-0.2454,0.9674
15.4069,-0.0048,1.1413,-0.0454,0.1274,0.0202,0.0310,0.9912,0.0994,0.9360,0.1563,0.3924,0.3167,0.5978,-0.6232,-0.1667,0.9217,0.0919,0.5121,-0.2078,-0.5449,-0.6306,0.0479,-0.2514,0.9667
15.4899,-0.0064,1.1410,-0.0451,0.1268,0.0112,0.0292,0.9914,0.1015,0.9384,0.1514,0.4871,0.2978,0.5487,-0.6107,-0.1583,0.9292,0.0816,0.7031,-0.1334,-0.0898,-0.6927,0.0297,-0.2508,0.9676
15.5455,-0.0087,1.1416,-0.0439,0.1272,-0.0006,0.0284,0.9915,0.1134,0.9318,0.1476,0.4761,0.2450,0.5402,-0.6492,-0.1690,0.9187,0.0880,0.5389,-0.1917,-0.6265,-0.5295,0.0060,-0.2523,0.9676
15.6015,-0.0107,1.1405,-0.0433,0.1246,-0.0116,0.0332,0.9916,0.1182,0.9277,0.1436,0.5914,0.1127,0.4720,-0.6440,-0.1745,0.9107,0.0863,0.5930,-0.1383,-0.5639,-0.5579,-0.0148,-0.2480,0.9687
15.6836,-0.0132,1.1401,-0.0438,0.1277,-0.0228,0.0365,0.9909,0.1355,0.9231,0.1422,0.5472,0.0931,0.5715,-0.6044,-0.1860,0.9014,0.0874,0.6891,-0.0353,-0.4287,-0.5832,-0.0358,-0.2547,0.9663
15.7405,-0.0159,1.1399,-0.0439,0.1273,-0.0341,0.0399,0.9905,0.1484,0.9055,0.1456,0.6208,0.0275,0.5260,-0.5806,-0.1968,0.8795,0.0883,0.6780,-0.0811,-0.5836,-0.4395,-0.0575,-0.2548,0.9653
15.7964,-0.0159,1.1399,-0.0446,0.1275,-0.0312,0.0414,0.9905,0.1501,0.8907,0.1526,0.6665,0.0107,0.4624,-0.5846,-0.2086,0.8665,0.0972,0.6934,-0.0638,-0.5246,-0.4898,-0.0512,-0.2553,0.9655
15.8786,-0.0146,1.1407,-0.0453,0.1253,-0.0175,0.0408,0.9911,0.1417,0.8928,0.1501,0.6535,0.0168,0.4651,-0.5969,-0.2216,0.8552,0.1117,0.7550,-0.0114,-0.4570,-0.4701,-0.0245,-0.2498,0.9680
15.9348,-0.0128,1.1417,-0.0462,0.1219,-0.0050,0.0410,0.9917,0.1721,0.8130,0.2100,0.5001,-0.0135,0.4017,-0.7670,-0.2114,0.8528,0.1059,0.7064,-0.0399,-0.4975,-0.5018,0.0002,-0.2422,0.9702
15.9905,-0.0120,1.1423,-0.0450,0.1178,0.0000,0.0414,0.9922,0.1838,0.7853,0.2267,0.1286,-0.0630,0.3423,-0.9286,-0.2197,0.8351,0.1116,0.5791,0.0245,-0.4614,-0.6717,0.0097,-0.2337,0.9723
16.0732,-0.0108,1.1417,-0.0441,0.1212,0.0008,0.0388,0.9919,0.1606,0.7640,0.2237,-0.1046,-0.0738,0.3145,-0.9406,-0.2113,0.8427,0.1026,0.5201,0.0556,-0.3747,-0.7655,0.0110,-0.2403,0.9706
16.1285,-0.0089,1.1414,-0.0433,0.1230,0.0046,0.0364,0.9917,0.1246,0.7600,0.2248,-0.0327,-0.1605,0.2137,-0.9631,-0.2122,0.8414,0.1063,0.5879,0.0056,-0.4141,-0.6948,0.0182,-0.2436,0.9697
16.1847,-0.0080,1.1418,-0.0425,0.1220,0.0074,0.0329,0.9920,0.1119,0.7405,0.2315,0.1655,-0.1289,0.1408,-0.9676,-0.2098,0.8439,0.1068,0.5965,-0.0024,-0.4327,-0.6759,0.0228,-0.2416,0.9701
16.2681,-0.0084,1.1416,-0.0425,0.1223,0.0046,0.0323,0.9920,0.1162,0.7141,0.2479,0.2279,-0.0900,0.0455,-0.9684,-0.2077,0.8469,0.1064,0.5942,-0.0058,-0.4429,-0.6714,0.0170,-0.2424,0.9700
16.3235,-0.0091,1.1414,-0.0422,0.1227,0.0018,0.0314,0.9919,0.1206,0.7364,0.2440,0.2446,-0.0998,0.0982,-0.9595,-0.2067,0.8495,0.1043,0.5880,-0.0079,-0.4494,-0.6725,0.0113,-0.2434,0.9699
16.3797,-0.0103,1.1414,-0.0421,0.1220,-0.0014,0.0332,0.9920,0.1222,0.7504,0.2418,0.2444,-0.0911,0.1062,-0.9595,-0.2069,0.8505,0.1029,0.5826,-0.0046,-0.4565,-0.6725,0.0053,-0.2421,0.9702
16.4626,-0.0117,1.1408,-0.0418,0.1232,-0.0101,0.0322,0.9918,0.1241,0.7567,0.2378,0.2324,-0.0902,0.1467,-0.9573,-0.2066,0.8515,0.1013,0.5761,0.0018,-0.4626,-0.6739,-0.0121,-0.2451,0.9694
16.5190,-0.0128,1.1406,-0.0408,0.1233,-0.0189,0.0300,0.9917,0.1144,0.7710,0.2501,0.2383,-0.0649,0.1773,-0.9527,-0.2038,0.8526,0.0991,0.5734,0.0112,-0.4671,-0.6729,-0.0301,-0.2457,0.9689
16.5741,-0.0130,1.1405,-0.0401,0.1240,-0.0230,0.0278,0.9916,0.0917,0.8067,0.2536,0.2426,-0.0224,0.2756,-0.9299,-0.2025,0.8540,0.0982,0.5775,0.0069,-0.4631,-0.6724,-0.0388,-0.2472,0.9682
16.6561,-0.0135,1.1399,-0.0396,0.1244,-0.0255,0.0275,0.9915,0.0510,0.8660,0.2353,0.2328,0.0105,0.4377,-0.8684,-0.2038,0.8555,0.0992,0.5841,-0.0102,-0.4592,-0.6692,-0.0438,-0.2482,0.9677
16.7125,-0.0145,1.1393,-0.0388,0.1256,-0.0306,0.0270,0.9912,0.0051,0.8525,0.2352,0.2453,0.0714,0.4482,-0.8567,-0.2017,0.8587,0.0953,0.5871,-0.0061,-0.4525,-0.6712,-0.0538,-0.2507,0.9666
16.7676,-0.0152,1.1388,-0.0385,0.1270,-0.0320,0.0269,0.9910,-0.0188,0.8368,0.2296,0.2316,0.0949,0.4007,-0.8814,-0.2009,0.8602,0.0912,0.5887,-0.0075,-0.4453,-0.6746,-0.0567,-0.2535,0.9657
16.8503,-0.0159,1.1388,-0.0386,0.1265,-0.0322,0.0259,0.9911,-0.0361,0.8164,0.2188,0.1867,0.1449,0.3879,-0.8909,-0.1998,0.8608,0.0873,0.5948,-0.0127,-0.4364,-0.6750,-0.0573,-0.2525,0.9659
16.9063,-0.0169,1.1389,-0.0383,0.1262,-0.0327,0.0248,0.9912,-0.0425,0.7873,0.2311,0.1586,0.1104,0.3642,-0.9110,-0.2021,0.8613,0.0844,0.5957,-0.0053,-0.4288,-0.6792,-0.0585,-0.2517,0.9660
16.9626,-0.0175,1.1390,-0.0378,0.1250,-0.0321,0.0252,0.9913,-0.0365,0.7701,0.2418,0.1565,0.1016,0.3402,-0.9216,-0.2044,0.8614,0.0830,0.5941,0.0030,-0.4268,-0.6818,-0.0574,-0.2494,0.9667
17.0463,-0.0178,1.1389,-0.0377,0.1260,-0.0325,0.0264,0.9911,-0.0280,0.7459,0.2605,0.1568,0.1127,0.2950,-0.9358,-0.2079,0.8601,0.0824,0.5907,0.0124,-0.4176,-0.6903,-0.0577,-0.2515,0.9661
17.1013,-0.0180,1.1386,-0.0378,0.1271,-0.0320,0.0271,0.9910,-0.0253,0.7389,0.2720,0.1761,0.1045,0.3105,-0.9283,-0.2128,0.8576,0.0835,0.5921,0.0168,-0.4111,-0.6929,-0.0565,-0.2537,0.9656
17.1572,-0.0173,1.1388,-0.0378,0.1256,-0.0303,0.0270,0.9913,-0.0212,0.7504,0.2690,0.1743,0.1044,0.3222,-0.9246,-0.2141,0.8564,0.0844,0.5908,0.0138,-0.4160,-0.6912,-0.0532,-0.2506,0.9666
17.2395,-0.0165,1.1390,-0.0383,0.1261,-0.0307,0.0258,0.9912,-0.0170,0.7603,0.2638,0.1660,0.1128,0.3209,-0.9256,-0.2109,0.8573,0.0849,0.5897,0.0124,-0.4182,-0.6908,-0.0543,-0.2516,0.9663
17.2982,-0.0158,1.1392,-0.0386,0.1253,-0.0302,0.0246,0.9914,-0.0130,0.7641,0.2600,0.1507,0.1270,0.3478,-0.9166,-0.2082,0.8579,0.0852,0.5891,0.0101,-0.4224,-0.6888,-0.0538,-0.2499,0.9668
17.3513,-0.0150,1.1391,-0.0385,0.1261,-0.0300,0.0241,0.9913,-0.0098,0.7649,0.2568,0.1451,0.1314,0.3455,-0.9178,-0.2046,0.8597,0.0836,0.5872,0.0085,-0.4267,-0.6878,-0.0534,-0.2515,0.9664
17.4335,-0.0141,1.1391,-0.0388,0.1261,-0.0288,0.0226,0.9913,-0.0069,0.7628,0.2513,0.1408,0.1284,0.3330,-0.9235,-0.2025,0.8612,0.0825,0.5870,0.0054,-0.4274,-0.6875,-0.0514,-0.2513,0.9665
17.4899,-0.0127,1.1393,-0.0395,0.1260,-0.0272,0.0202,0.9914,-0.0037,0.7627,0.2502,0.1053,0.1450,0.2995,-0.9371,-0.2020,0.8625,0.0832,0.5873,0.0005,-0.4305,-0.6853,-0.0487,-0.2510,0.9668
17.5464,-0.0120,1.1398,-0.0397,0.1246,-0.0273,0.0200,0.9916,-0.0041,0.7626,0.2529,0.0767,0.1471,0.3007,-0.9392,-0.1999,0.8640,0.0827,0.5862,0.0018,-0.4295,-0.6869,-0.0491,-0.2483,0.9674
17.6297,-0.0121,1.1397,-0.0396,0.1257,-0.0296,0.0198,0.9914,-0.0054,0.7638,0.2555,0.0587,0.1315,0.2925,-0.9454,-0.1994,0.8641,0.0824,0.5846,-0.0001,-0.4301,-0.6879,-0.0537,-0.2504,0.9667
17.6844,-0.0118,1.1399,-0.0400,0.1256,-0.0304,0.0183,0.9914,-0.0066,0.7651,0.2598,0.0841,0.1392,0.3026,-0.9391,-0.1983,0.8647,0.0824,0.5846,-0.0026,-0.4294,-0.6884,-0.0556,-0.2502,0.9666
17.7405,-0.0119,1.1403,-0.0401,0.1237,-0.0300,0.0184,0.9917,-0.0059,0.7618,0.2636,0.0913,0.1428,0.3072,-0.9364,-0.1987,0.8649,0.0821,0.5840,-0.0027,-0.4303,-0.6884,-0.0550,-0.2465,0.9676
17.8228,-0.0122,1.1400,-0.0396,0.1253,-0.0287,0.0178,0.9915,-0.0052,0.7601,0.2637,0.0912,0.1504,0.3024,-0.9368,-0.1986,0.8657,0.0814,0.5847,-0.0001,-0.4278,-0.6893,-0.0525,-0.2495,0.9670
17.8793,-0.0127,1.1400,-0.0389,0.1247,-0.0285,0.0174,0.9916,0.0072,0.7667,0.2592,0.1201,0.1405,0.3635,-0.9131,-0.2001,0.8656,0.0800,0.5802,0.0041,-0.4294,-0.6921,-0.0522,-0.2483,0.9673
17.9349,-0.0135,1.1395,-0.0389,0.1274,-0.0288,0.0182,0.9913,0.0244,0.7836,0.2526,0.1829,0.0786,0.4449,-0.8732,-0.2022,0.8650,0.0796,0.5793,0.0095,-0.4262,-0.6948,-0.0525,-0.2536,0.9659
18.0179,-0.0138,1.1395,-0.0387,0.1273,-0.0270,0.0195,0.9913,0.0556,0.8144,0.2546,0.1390,0.0529,0.4432,-0.8840,-0.2084,0.8637,0.0789,0.5732,0.0261,-0.4035,-0.7127,-0.0486,-0.2535,0.9661
18.0734,-0.0139,1.1390,-0.0385,0.1292,-0.0221,0.0211,0.9911,0.0802,0.8359,0.2457,0.2719,-0.0501,0.4345,-0.8572,-0.2134,0.8614,0.0788,0.5801,0.0304,-0.4089,-0.7038,-0.0384,-0.2570,0.9656
18.1287,-0.0130,1.1384,-0.0386,0.1288,-0.0155,0.0226,0.9913,0.0920,0.8341,0.2472,0.3389,-0.0561,0.4630,-0.8171,-0.2153,0.8604,0.0799,0.5805,0.0455,-0.4065,-0.7040,-0.0248,-0.2561,0.9663
18.2112,-0.0120,1.1382,-0.0388,0.1303,-0.0137,0.0218,0.9911,0.1038,0.8291,0.2417,0.3422,-0.0311,0.4700,-0.8130,-0.2161,0.8597,0.0805,0.5824,0.0566,-0.4055,-0.7022,-0.0215,-0.2589,0.9657
18.2668,-0.0114,1.1381,-0.0386,0.1304,-0.0120,0.0210,0.9912,0.1063,0.8213,0.2372,0.2910,-0.0135,0.4515,-0.8434,-0.2133,0.8578,0.0815,0.5775,0.0545,-0.4081,-0.7049,-0.0184,-0.2590,0.9657
18.3227,-0.0109,1.1384,-0.0377,0.1274,-0.0130,0.0209,0.9915,0.1020,0.8160,0.2405,0.2316,-0.0124,0.4174,-0.8786,-0.2128,0.8543,0.0838,0.5733,0.0523,-0.4106,-0.7072,-0.0204,-0.2532,0.9672
18.4057,-0.0096,1.1386,-0.0356,0.1286,-0.0146,0.0201,0.9914,0.0946,0.8098,0.2438,0.0401,0.1186,0.3033,-0.9446,-0.2111,0.8523,0.0852,0.5646,0.0544,-0.4109,-0.7137,-0.0238,-0.2557,0.9665
18.4610,-0.0082,1.1394,-0.0329,0.1282,-0.0150,0.0185,0.9915,0.0524,0.8050,0.2844,-0.0195,0.3307,0.1437,-0.9325,-0.2091,0.8505,0.0874,0.5606,0.0495,-0.4153,-0.7147,-0.0250,-0.2548,0.9667
18.5169,-0.0076,1.1396,-0.0310,0.1268,-0.0133,0.0174,0.9917,0.0290,0.8021,0.3148,-0.0552,0.3458,0.1336,-0.9271,-0.2067,0.8525,0.0854,0.5540,0.0457,-0.4226,-0.7158,-0.0220,-0.2520,0.9675
18.5995,-0.0077,1.1396,-0.0290,0.1271,-0.0114,0.0154,0.9917,0.0120,0.8014,0.3388,-0.1306,0.3053,0.0244,-0.9430,-0.2023,0.8553,0.0827,0.5544,0.0448,-0.4237,-0.7149,-0.0186,-0.2524,0.9674
18.6559,-0.0076,1.1392,-0.0269,0.1274,-0.0090,0.0136,0.9917,0.0111,0.8021,0.3551,-0.1353,0.2618,0.0377,-0.9549,-0.2042,0.8579,0.0780,0.5522,0.0452,-0.4143,-0.7221,-0.0144,-0.2529,0.9674
18.7112,-0.0068,1.1391,-0.0264,0.1291,-0.0039,0.0126,0.9915,0.0149,0.8073,0.3499,-0.1456,0.2496,0.0577,-0.9556,-0.2060,0.8590,0.0748,0.5510,0.0424,-0.4073,-0.7271,-0.0045,-0.2562,0.9666
18.7942,-0.0050,1.1388,-0.0268,0.1291,0.0050,0.0138,0.9915,0.0221,0.8105,0.3348,-0.1212,0.2588,0.1036,-0.9527,-0.2067,0.8586,0.0766,0.5536,0.0411,-0.4080,-0.7248,0.0134,-0.2558,0.9666
18.8502,-0.0018,1.1388,-0.0271,0.1287,0.0193,0.0141,0.9914,0.0237,0.7958,0.3337,-0.0305,0.2497,0.1702,-0.9528,-0.2075,0.8551,0.0806,0.5555,0.0421,-0.4014,-0.7270,0.0419,-0.2546,0.9661
18.9072,0.0008,1.1391,-0.0281,0.1299,0.0307,0.0135,0.9910,0.0242,0.7877,0.3381,0.0020,0.2510,0.1904,-0.9491,-0.2060,0.8545,0.0815,0.5556,0.0387,-0.4035,-0.7259,0.0644,-0.2567,0.9643
18.9902,0.0023,1.1389,-0.0285,0.1282,0.0413,0.0121,0.9908,0.0266,0.7830,0.3493,-0.0420,0.2576,0.2022,-0.9439,-0.2045,0.8534,0.0822,0.5559,0.0361,-0.3955,-0.7302,0.0850,-0.2530,0.9637
19.0448,0.0045,1.1382,-0.0295,0.1298,0.0556,0.0126,0.9899,0.0438,0.7948,0.3470,0.0188,0.1853,0.2933,-0.9377,-0.2039,0.8551,0.0810,0.5558,0.0277,-0.4145,-0.7200,0.1134,-0.2555,0.9601
19.1011,0.0054,1.1378,-0.0303,0.1320,0.0621,0.0113,0.9892,0.0698,0.8146,0.3355,0.0604,0.1784,0.3985,-0.8976,-0.2034,0.8567,0.0795,0.5543,0.0226,-0.4291,-0.7128,0.1258,-0.2598,0.9574
19.1835,0.0057,1.1381,-0.0308,0.1308,0.0651,0.0118,0.9892,0.1094,0.8614,0.2978,0.0789,0.2184,0.4014,-0.8860,-0.2007,0.8611,0.0748,0.5489,0.0212,-0.4451,-0.7072,0.1318,-0.2572,0.9573
19.2402,0.0064,1.1379,-0.0315,0.1316,0.0720,0.0132,0.9886,0.1735,0.8733,0.2657,0.1009,0.2114,0.3332,-0.9133,-0.1986,0.8636,0.0737,0.5443,0.0259,-0.4538,-0.7050,0.1458,-0.2583,0.9550
19.2960,0.0075,1.1375,-0.0316,0.1317,0.0746,0.0154,0.9884,0.2017,0.8777,0.2364,0.1156,0.1786,0.2423,-0.9466,-0.1993,0.8611,0.0751,0.5430,0.0296,-0.4505,-0.7080,0.1516,-0.2580,0.9542
19.3778,0.0093,1.1374,-0.0318,0.1323,0.0763,0.0138,0.9882,0.2184,0.8728,0.2189,0.0559,0.0877,0.1358,-0.9853,-0.1998,0.8573,0.0765,0.5456,0.0295,-0.4438,-0.7103,0.1544,-0.2593,0.9534
19.4339,0.0116,1.1373,-0.0320,0.1327,0.0793,0.0130,0.9879,0.2083,0.8459,0.2203,0.0091,0.0823,0.1413,-0.9865,-0.1935,0.8538,0.0785,0.5439,0.0291,-0.4403,-0.7138,0.1601,-0.2601,0.9522
19.4897,0.0126,1.1373,-0.0320,0.1324,0.0793,0.0114,0.9880,0.1989,0.8321,0.2232,-0.0030,0.0958,0.1464,-0.9846,-0.1919,0.8529,0.0797,0.5360,0.0204,-0.4472,-0.7158,0.1596,-0.2599,0.9524
19.5724,0.0137,1.1367,-0.0317,0.1344,0.0789,0.0105,0.9877,0.1901,0.8202,0.2238,0.0103,0.1069,0.1466,-0.9834,-0.1922,0.8518,0.0814,0.5274,0.0196,-0.4458,-0.7230,0.1586,-0.2639,0.9514
19.6283,0.0148,1.1362,-0.0316,0.1355,0.0784,0.0095,0.9876,0.1888,0.7929,0.2380,0.0116,0.1242,0.1408,-0.9822,-0.1926,0.8516,0.0818,0.5223,0.0206,-0.4418,-0.7291,0.1574,-0.2661,0.9510
19.6843,0.0142,1.1362,-0.0322,0.1367,0.0773,0.0087,0.9876,0.1834,0.7903,0.2391,0.0143,0.1216,0.1444,-0.9819,-0.1929,0.8522,0.0813,0.5212,0.0213,-0.4394,-0.7313,0.1550,-0.2686,0.9507
19.7673,0.0132,1.1366,-0.0328,0.1348,0.0761,0.0098,0.9879,0.1820,0.7970,0.2384,0.0079,0.1216,0.1378,-0.9829,-0.1938,0.8527,0.0809,0.5195,0.0232,-0.4390,-0.7326,0.1529,-0.2649,0.9521
19.8228,0.0126,1.1365,-0.0340,0.1356,0.0761,0.0107,0.9878,0.1806,0.8013,0.2327,0.0121,0.1259,0.1005,-0.9869,-0.1952,0.8525,0.0808,0.5235,0.0223,-0.4352,-0.7322,0.1533,-0.2663,0.9516
19.8790,0.0123,1.1363,-0.0345,0.1354,0.0763,0.0122,0.9878,0.1800,0.8014,0.2320,0.0099,0.1232,0.0867,-0.9885,-0.1961,0.8523,0.0807,0.5241,0.0230,-0.4332,-0.7329,0.1540,-0.2657,0.9517
19.9623,0.0118,1.1365,-0.0348,0.1354,0.0759,0.0120,0.9878,0.1794,0.8016,0.2320,0.0105,0.1186,0.1025,-0.9876,-0.1960,0.8523,0.0805,0.5250,0.0244,-0.4315,-0.7332,0.1532,-0.2656,0.9518
20.0183,0.0114,1.1365,-0.0352,0.1350,0.0758,0.0124,0.9879,0.1824,0.8045,0.2314,-0.0095,0.0797,0.1907,-0.9784,-0.1958,0.8525,0.0801,0.5253,0.0255,-0.4287,-0.7346,0.1532,-0.2649,0.9520
20.0736,0.0111,1.1365,-0.0353,0.1352,0.0758,0.0127,0.9878,0.1896,0.8077,0.2271,-0.0247,0.0409,0.3091,-0.9498,-0.1960,0.8528,0.0799,0.5241,0.0259,-0.4312,-0.7339,0.1531,-0.2651,0.9520
20.1557,0.0110,1.1363,-0.0356,0.1359,0.0773,0.0134,0.9876,0.2071,0.8068,0.2264,-0.0334,0.0447,0.3396,-0.9389,-0.1970,0.8538,0.0787,0.5209,0.0273,-0.4353,-0.7338,0.1562,-0.2664,0.9511
20.2116,0.0108,1.1361,-0.0363,0.1368,0.0792,0.0138,0.9873,0.2229,0.8134,0.2106,0.0172,0.0390,0.4706,-0.8813,-0.1987,0.8565,0.0752,0.5215,0.0290,-0.4349,-0.7335,0.1602,-0.2680,0.9500
20.2678,0.0109,1.1363,-0.0365,0.1356,0.0798,0.0141,0.9874,0.2310,0.8173,0.1973,0.0837,0.0417,0.4529,-0.8867,-0.1998,0.8572,0.0749,0.5219,0.0290,-0.4348,-0.7333,0.1615,-0.2656,0.9505
20.3521,0.0103,1.1368,-0.0371,0.1349,0.0803,0.0146,0.9875,0.2335,0.8135,0.1965,0.1492,0.0369,0.5446,-0.8245,-0.1997,0.8576,0.0751,0.5211,0.0306,-0.4348,-0.7338,0.1625,-0.2641,0.9507
20.4062,0.0098,1.1366,-0.0383,0.1364,0.0817,0.0158,0.9872,0.2034,0.8117,0.1673,0.3848,-0.0575,0.4637,-0.7960,-0.1988,0.8577,0.0760,0.5323,0.0294,-0.4389,-0.7233,0.1655,-0.2667,0.9494
20.4624,0.0094,1.1368,-0.0395,0.1359,0.0825,0.0162,0.9872,0.1810,0.8008,0.1524,0.4478,-0.0529,0.4353,-0.7792,-0.1983,0.8579,0.0760,0.5366,0.0308,-0.4430,-0.7176,0.1672,-0.2656,0.9495
20.5454,0.0087,1.1370,-0.0406,0.1365,0.0804,0.0165,0.9872,0.1696,0.7810,0.1455,0.3958,-0.0484,0.4070,-0.8218,-0.1979,0.8578,0.0760,0.5383,0.0321,-0.4400,-0.7180,0.1633,-0.2669,0.9498
20.6007,0.0076,1.1367,-0.0421,0.1387,0.0786,0.0181,0.9870,0.1505,0.7664,0.1372,0.4025,0.0536,0.3069,-0.8608,-0.1969,0.8581,0.0760,0.5370,0.0284,-0.4450,-0.7161,0.1603,-0.2709,0.9492
20.6568,0.0066,1.1367,-0.0426,0.1396,0.0766,0.0196,0.9870,0.1514,0.7539,0.1429,0.2949,0.0731,0.3523,-0.8852,-0.1967,0.8583,0.0762,0.5359,0.0280,-0.4454,-0.7167,0.1568,-0.2725,0.9493
20.7395,0.0055,1.1362,-0.0427,0.1423,0.0742,0.0213,0.9868,0.1501,0.7471,0.1498,0.2544,0.0755,0.3605,-0.8942,-0.1955,0.8594,0.0757,0.5350,0.0293,-0.4476,-0.7160,0.1526,-0.2777,0.9485
20.7956,0.0041,1.1357,-0.0433,0.1453,0.0713,0.0229,0.9865,0.1381,0.7493,0.1532,0.2424,0.1123,0.3550,-0.8959,-0.1973,0.8588,0.0759,0.5313,0.0278,-0.4463,-0.7196,0.1473,-0.2835,0.9476
20.8510,0.0032,1.1353,-0.0438,0.1478,0.0714,0.0261,0.9861,0.1284,0.7559,0.1504,0.1705,0.1316,0.3528,-0.9106,-0.1981,0.8589,0.0758,0.5224,0.0311,-0.4375,-0.7312,0.1485,-0.2878,0.9461
20.9336,0.0016,1.1353,-0.0442,0.1486,0.0644,0.0274,0.9864,0.1236,0.7621,0.1477,0.1056,0.2342,0.3179,-0.9126,-0.1989,0.8597,0.0752,0.5100,0.0341,-0.4334,-0.7423,0.1352,-0.2896,0.9476
20.9884,-0.0004,1.1355,-0.0443,0.1486,0.0563,0.0283,0.9869,0.1187,0.7567,0.1503,0.1519,0.2047,0.3400,-0.9052,-0.1974,0.8602,0.0748,0.5139,0.0340,-0.4356,-0.7383,0.1194,-0.2901,0.9495
21.0444,-0.0011,1.1352,-0.0444,0.1473,0.0513,0.0280,0.9874,0.1204,0.7562,0.1541,0.1861,0.1912,0.3431,-0.9006,-0.1946,0.8624,0.0735,0.5133,0.0354,-0.4383,-0.7370,0.1096,-0.2879,0.9514
21.1281,-0.0017,1.1356,-0.0450,0.1473,0.0485,0.0278,0.9875,0.1198,0.7571,0.1592,0.3154,0.0812,0.3059,-0.8946,-0.1943,0.8622,0.0744,0.5134,0.0392,-0.4388,-0.7365,0.1040,-0.2882,0.9519
21.1835,-0.0027,1.1361,-0.0459,0.1461,0.0429,0.0275,0.9880,0.1323,0.7868,0.1953,0.3054,-0.1671,0.2323,-0.9082,-0.1936,0.8619,0.0750,0.5204,0.0436,-0.4268,-0.7384,0.0929,-0.2863,0.9536
21.2395,-0.0035,1.1373,-0.0460,0.1418,0.0410,0.0278,0.9887,0.1493,0.7716,0.2327,0.2464,-0.1020,0.2195,-0.9384,-0.1947,0.8597,0.0769,0.5230,0.0425,-0.4228,-0.7388,0.0890,-0.2781,0.9564
21.3226,-0.0039,1.1378,-0.0446,0.1408,0.0403,0.0286,0.9888,0.1591,0.7574,0.2597,0.0980,-0.0694,0.2308,-0.9656,-0.1956,0.8571,0.0799,0.5226,0.0393,-0.4245,-0.7384,0.0877,-0.2761,0.9571
21.3786,-0.0046,1.1381,-0.0437,0.1404,0.0381,0.0279,0.9890,0.1320,0.7680,0.2431,0.1188,-0.1029,0.1554,-0.9753,-0.1940,0.8568,0.0798,0.5212,0.0419,-0.4285,-0.7369,0.0833,-0.2756,0.9577
21.4338,-0.0051,1.1378,-0.0432,0.1405,0.0367,0.0276,0.9890,0.1202,0.7717,0.2413,0.1538,-0.1037,0.1497,-0.9712,-0.1938,0.8575,0.0790,0.5193,0.0448,-0.4337,-0.7350,0.0804,-0.2758,0.9578
21.5163,-0.0047,1.1377,-0.0431,0.1403,0.0368,0.0272,0.9890,0.1145,0.7754,0.2376,0.1639,-0.1041,0.1704,-0.9661,-0.1944,0.8578,0.0783,0.5192,0.0427,-0.4375,-0.7329,0.0803,-0.2756,0.9579
21.5722,-0.0047,1.1380,-0.0426,0.1391,0.0357,0.0269,0.9893,0.1036,0.7858,0.2620,0.2126,-0.0761,0.1884,-0.9558,-0.1971,0.8564,0.0789,0.5189,0.0441,-0.4341,-0.7351,0.0782,-0.2733,0.9587
21.6283,-0.0046,1.1383,-0.0421,0.1384,0.0345,0.0265,0.9894,0.0823,0.8112,0.2736,0.2658,-0.0350,0.2149,-0.9391,-0.1978,0.8560,0.0795,0.5183,0.0442,-0.4342,-0.7354,0.0755,-0.2720,0.9593
21.7117,-0.0044,1.1385,-0.0411,0.1381,0.0310,0.0248,0.9896,0.0579,0.8364,0.2783,0.3174,0.0310,0.3185,-0.8927,-0.1965,0.8565,0.0793,0.5167,0.0439,-0.4415,-0.7323,0.0681,-0.2718,0.9599
21.7667,-0.0044,1.1387,-0.0400,0.1372,0.0269,0.0228,0.9899,0.0379,0.8262,0.2927,0.2940,0.0340,0.2909,-0.9098,-0.1957,0.8558,0.0777,0.5153,0.0440,-0.4432,-0.7322,0.0596,-0.2703,0.9609
21.8227,-0.0045,1.1383,-0.0393,0.1389,0.0250,0.0212,0.9898,0.0259,0.8056,0.3094,0.2818,0.0327,0.2759,-0.9184,-0.1970,0.8544,0.0773,0.5165,0.0442,-0.4409,-0.7327,0.0554,-0.2739,0.9602
21.9054,-0.0046,1.1385,-0.0390,0.1382,0.0257,0.0206,0.9899,0.0157,0.7884,0.3194,0.2757,0.0192,0.2676,-0.9231,-0.2009,0.8517,0.0776,0.5179,0.0472,-0.4370,-0.7339,0.0567,-0.2725,0.9605
21.9620,-0.0047,1.1387,-0.0385,0.1377,0.0266,0.0198,0.9899,0.0179,0.7736,0.3172,0.2257,0.0139,0.2402,-0.9440,-0.2054,0.8521,0.0758,0.5198,0.0455,-0.4278,-0.7380,0.0581,-0.2716,0.9607
22.0178,-0.0048,1.1387,-0.0384,0.1378,0.0283,0.0203,0.9899,0.0204,0.7591,0.3190,0.1721,0.0084,0.2010,-0.9643,-0.2073,0.8520,0.0754,0.5194,0.0444,-0.4263,-0.7393,0.0616,-0.2716,0.9604
22.1011,-0.0051,1.1386,-0.0385,0.1382,0.0282,0.0213,0.9898,0.0192,0.7488,0.3197,0.1587,-0.0154,0.1548,-0.9750,-0.2085,0.8519,0.0756,0.5200,0.0461,-0.4212,-0.7417,0.0616,-0.2723,0.9602
22.1558,-0.0051,1.1383,-0.0392,0.1394,0.0296,0.0215,0.9896,0.0252,0.7530,0.3183,0.1757,-0.0013,0.1838,-0.9671,-0.2070,0.8522,0.0762,0.5202,0.0502,-0.4197,-0.7421,0.0645,-0.2746,0.9594
22.2115,-0.0046,1.1386,-0.0395,0.1379,0.0308,0.0209,0.9897,0.0309,0.7555,0.3159,0.1770,0.0131,0.1863,-0.9663,-0.2064,0.8519,0.0770,0.5194,0.0509,-0.4219,-0.7413,0.0667,-0.2717,0.9601
22.2943,-0.0043,1.1388,-0.0399,0.1373,0.0323,0.0211,0.9898,0.0312,0.7527,0.3181,0.1125,0.0263,0.1419,-0.9831,-0.2054,0.8518,0.0775,0.5191,0.0510,-0.4223,-0.7414,0.0697,-0.2704,0.9602
22.3508,-0.0042,1.1386,-0.0407,0.1374,0.0337,0.0217,0.9897,0.0527,0.7737,0.3102,0.1386,0.0086,0.2082,-0.9682,-0.2055,0.8518,0.0770,0.5179,0.0519,-0.4264,-0.7398,0.0726,-0.2705,0.9600
22.4072,-0.0038,1.1386,-0.0420,0.1378,0.0346,0.0209,0.9896,0.0769,0.8043,0.2805,0.1740,0.0167,0.3456,-0.9219,-0.2057,0.8519,0.0769,0.5197,0.0549,-0.4255,-0.7388,0.0743,-0.2713,0.9596
22.4891,-0.0026,1.1393,-0.0439,0.1339,0.0376,0.0198,0.9901,0.0921,0.8315,0.2457,0.2901,0.0171,0.4599,-0.8391,-0.2057,0.8524,0.0768,0.5230,0.0573,-0.4246,-0.7368,0.0797,-0.2637,0.9613
22.5449,-0.0012,1.1395,-0.0466,0.1315,0.0401,0.0187,0.9903,0.1096,0.8285,0.2271,0.4122,0.0298,0.3730,-0.8307,-0.2054,0.8522,0.0775,0.5214,0.0577,-0.4186,-0.7413,0.0843,-0.2590,0.9622
22.6010,-0.0004,1.1400,-0.0482,0.1320,0.0410,0.0173,0.9903,0.1209,0.8346,0.2140,0.3978,0.0140,0.3817,-0.8342,-0.2047,0.8503,0.0792,0.5197,0.0544,-0.4186,-0.7428,0.0857,-0.2600,0.9618
22.6844,0.0005,1.1400,-0.0494,0.1310,0.0439,0.0175,0.9903,0.1297,0.8393,0.2019,0.4012,0.0148,0.3939,-0.8268,-0.2019,0.8474,0.0815,0.5190,0.0486,-0.4196,-0.7431,0.0915,-0.2579,0.9618
22.7402,0.0017,1.1401,-0.0500,0.1299,0.0462,0.0179,0.9903,0.1380,0.8285,0.1958,0.3907,0.0088,0.4447,-0.8059,-0.1974,0.8444,0.0829,0.5112,0.0338,-0.4286,-0.7442,0.0962,-0.2556,0.9620
22.7957,0.0026,1.1396,-0.0507,0.1321,0.0475,0.0164,0.9900,0.1395,0.8168,0.1917,0.4186,0.0158,0.4425,-0.7929,-0.1948,0.8435,0.0835,0.5083,0.0245,-0.4383,-0.7409,0.0983,-0.2600,0.9606
22.8783,0.0026,1.1395,-0.0508,0.1317,0.0480,0.0150,0.9900,0.1391,0.8107,0.1800,0.4224,0.0275,0.4487,-0.7871,-0.1937,0.8433,0.0831,0.5077,0.0113,-0.4475,-0.7361,0.0989,-0.2594,0.9607
22.9340,0.0028,1.1393,-0.0507,0.1326,0.0496,0.0150,0.9898,0.1235,0.7862,0.1653,0.3920,0.0210,0.4317,-0.8121,-0.1931,0.8426,0.0831,0.5111,0.0251,-0.4361,-0.7403,0.1022,-0.2611,0.9599
22.9896,0.0021,1.1394,-0.0498,0.1317,0.0480,0.0157,0.9900,0.1122,0.7703,0.1586,0.3030,0.0516,0.3880,-0.8689,-0.1939,0.8409,0.0838,0.5105,0.0261,-0.4339,-0.7419,0.0992,-0.2592,0.9607
23.0729,0.0009,1.1391,-0.0490,0.1314,0.0432,0.0158,0.9903,0.0995,0.7582,0.1599,0.1985,0.0890,0.4194,-0.8813,-0.1960,0.8384,0.0857,0.5088,0.0208,-0.4326,-0.7440,0.0898,-0.2589,0.9617
23.1281,-0.0002,1.1390,-0.0479,0.1314,0.0415,0.0161,0.9903,0.0797,0.7356,0.1659,0.1495,0.1807,0.3904,-0.8903,-0.1961,0.8394,0.0826,0.4897,-0.0051,-0.4280,-0.7596,0.0864,-0.2588,0.9620
23.1841,-0.0007,1.1389,-0.0478,0.1316,0.0432,0.0162,0.9902,0.0716,0.7395,0.1629,0.1113,0.2593,0.3463,-0.8947,-0.1946,0.8409,0.0798,0.4700,-0.0268,-0.4334,-0.7684,0.0899,-0.2592,0.9616
23.2675,-0.0022,1.1389,-0.0479,0.1314,0.0415,0.0164,0.9903,0.0652,0.7400,0.1642,0.1654,0.3124,0.2836,-0.8914,-0.1936,0.8411,0.0778,0.4587,-0.0255,-0.4251,-0.7799,0.0865,-0.2588,0.9620
23.3235,-0.0041,1.1387,-0.0476,0.1320,0.0379,0.0179,0.9904,0.0582,0.7426,0.1606,0.1602,0.2684,0.2855,-0.9060,-0.1938,0.8412,0.0768,0.4412,-0.0223,-0.4402,-0.7817,0.0798,-0.2602,0.9623
23.3794,-0.0055,1.1386,-0.0479,0.1319,0.0359,0.0193,0.9904,0.0554,0.7436,0.1585,0.1773,0.2810,0.2852,-0.8990,-0.1941,0.8424,0.0757,0.4326,-0.0192,-0.4474,-0.7825,0.0762,-0.2600,0.9626
23.4613,-0.0065,1.1386,-0.0487,0.1320,0.0335,0.0188,0.9905,0.0596,0.7457,0.1610,0.1557,0.3138,0.2807,-0.8936,-0.1951,0.8417,0.0759,0.4423,-0.0189,-0.4459,-0.7779,0.0712,-0.2602,0.9629
23.5176,-0.0080,1.1390,-0.0499,0.1311,0.0283,0.0186,0.9908,0.0610,0.7513,0.1525,0.1419,0.3125,0.3076,-0.8875,-0.1952,0.8417,0.0753,0.4391,-0.0122,-0.4481,-0.7786,0.0609,-0.2588,0.9640
23.5729,-0.0091,1.1395,-0.0506,0.1277,0.0218,0.0178,0.9914,0.0629,0.7518,0.1511,0.1333,0.3072,0.3187,-0.8867,-0.1951,0.8414,0.0747,0.4333,-0.0058,-0.4482,-0.7819,0.0477,-0.2524,0.9664
23.6563,-0.0095,1.1412,-0.0501,0.1224,0.0176,0.0185,0.9921,0.0666,0.7498,0.1470,0.1498,0.3522,0.3468,-0.8563,-0.1958,0.8406,0.0739,0.4257,0.0022,-0.4374,-0.7921,0.0395,-0.2423,0.9694
23.7119,-0.0099,1.1425,-0.0498,0.1172,0.0138,0.0175,0.9929,0.0567,0.7548,0.1677,0.1645,0.1283,0.4322,-0.8773,-0.1961,0.8411,0.0733,0.4237,0.0004,-0.4418,-0.7907,0.0314,-0.2321,0.9722
23.7675,-0.0093,1.1417,-0.0497,0.1196,0.0145,0.0164,0.9926,0.0400,0.7712,0.1944,0.0832,0.0576,0.4148,-0.9043,-0.1951,0.8417,0.0723,0.4244,-0.0002,-0.4459,-0.7881,0.0328,-0.2369,0.9710
23.8502,-0.0087,1.1420,-0.0477,0.1183,0.0139,0.0154,0.9928,0.0203,0.7878,0.2185,0.0832,0.0847,0.3345,-0.9349,-0.1929,0.8416,0.0714,0.4247,0.0045,-0.4456,-0.7881,0.0312,-0.2345,0.9716
23.9061,-0.0076,1.1418,-0.0456,0.1162,0.0127,0.0144,0.9930,-0.0078,0.7793,0.2343,0.0594,0.0711,0.2940,-0.9513,-0.1922,0.8413,0.0690,0.4254,0.0089,-0.4425,-0.7894,0.0285,-0.2304,0.9727
23.9621,-0.0068,1.1419,-0.0444,0.1170,0.0136,0.0130,0.9930,-0.0216,0.7699,0.2465,0.0868,0.1011,0.2922,-0.9470,-0.1933,0.8406,0.0695,0.4237,0.0163,-0.4402,-0.7914,0.0300,-0.2320,0.9723
24.0438,-0.0061,1.1428,-0.0444,0.1144,0.0137,0.0117,0.9933,-0.0299,0.7643,0.2537,0.0974,0.1144,0.2178,-0.9644,-0.1939,0.8407,0.0694,0.4191,0.0209,-0.4438,-0.7918,0.0300,-0.2269,0.9735
24.1009,-0.0058,1.1436,-0.0437,0.1110,0.0149,0.0094,0.9937,-0.0376,0.7574,0.2692,0.1127,0.1040,0.1472,-0.9771,-0.1944,0.8413,0.0696,0.4205,0.0192,-0.4457,-0.7900,0.0318,-0.2203,0.9749
24.1565,-0.0056,1.1447,-0.0430,0.1038,0.0185,0.0091,0.9944,-0.0402,0.7556,0.2733,0.1390,0.0931,0.1645,-0.9721,-0.1945,0.8420,0.0688,0.4231,0.0168,-0.4450,-0.7891,0.0386,-0.2061,0.9778
24.2385,-0.0035,1.1459,-0.0448,0.1004,0.0279,0.0063,0.9945,-0.0373,0.7573,0.2682,0.1468,0.1060,0.1536,-0.9714,-0.1942,0.8427,0.0679,0.4262,0.0171,-0.4446,-0.7877,0.0568,-0.1994,0.9783
24.2958,-0.0004,1.1487,-0.0461,0.0912,0.0415,0.0018,0.9950,-0.0104,0.7921,0.2803,0.1636,0.0569,0.6095,-0.7736,-0.1939,0.8429,0.0676,0.4286,0.0165,-0.4489,-0.7839,0.0830,-0.1813,0.9799
24.3508,0.0032,1.1501,-0.0483,0.0852,0.0576,-0.0005,0.9947,0.0207,0.8372,0.2926,0.1624,-0.0267,0.7209,-0.6732,-0.1937,0.8430,0.0674,0.4297,0.0141,-0.4526,-0.7812,0.1146,-0.1695,0.9788
24.4343,0.0059,1.1498,-0.0490,0.0868,0.0648,-0.0031,0.9941,0.0525,0.8789,0.3081,0.0970,-0.0372,0.8600,-0.4995,-0.1932,0.8430,0.0668,0.4305,0.0127,-0.4533,-0.7804,0.1282,-0.1730,0.9765
24.4884,0.0084,1.1501,-0.0499,0.0868,0.0709,-0.0069,0.9937,0.0746,0.9358,0.2774,-0.0924,0.1162,0.9705,-0.1899,-0.1925,0.8424,0.0678,0.4300,0.0134,-0.4519,-0.7815,0.1396,-0.1736,0.9749
24.5445,0.0089,1.1497,-0.0498,0.0889,0.0688,-0.0076,0.9936,0.0772,0.9572,0.2471,-0.1489,0.1917,0.9687,-0.0521,-0.1912,0.8416,0.0694,0.4294,0.0134,-0.4517,-0.7819,0.1353,-0.1777,0.9747
24.6293,0.0103,1.1483,-0.0493,0.0934,0.0689,-0.0056,0.9932,0.0733,0.9628,0.2321,-0.1690,0.2068,0.9619,-0.0589,-0.1897,0.8404,0.0724,0.4289,0.0125,-0.4492,-0.7837,0.1359,-0.1863,0.9731
24.6834,0.0128,1.1466,-0.0493,0.1007,0.0737,-0.0063,0.9922,0.0577,0.9633,0.2280,0.2315,0.3113,0.7534,-0.5309,-0.1863,0.8419,0.0712,0.4250,0.0108,-0.4447,-0.7884,0.1449,-0.2007,0.9689
24.7401,0.0150,1.1455,-0.0496,0.1054,0.0830,-0.0069,0.9909,0.0394,0.9671,0.2045,0.4359,0.1734,0.5487,-0.6920,-0.1860,0.8420,0.0701,0.4220,0.0090,-0.4420,-0.7915,0.1631,-0.2099,0.9640
24.8220,0.0170,1.1447,-0.0492,0.1092,0.0904,-0.0068,0.9899,0.0324,0.9605,0.1887,0.5089,0.1173,0.4993,-0.6914,-0.1857,0.8429,0.0689,0.4215,0.0104,-0.4434,-0.7910,0.1774,-0.2174,0.9598
24.8781,0.0196,1.1437,-0.0494,0.1147,0.0975,-0.0078,0.9886,0.0391,0.9613,0.2109,0.0599,0.2238,0.8705,-0.4342,-0.1870,0.8426,0.0693,0.4218,0.0091,-0.4461,-0.7893,0.1910,-0.2282,0.9547
24.9339,0.0205,1.1434,-0.0487,0.1154,0.0981,-0.0089,0.9884,0.0407,0.9636,0.2093,-0.0189,0.2302,0.9170,-0.3253,-0.1878,0.8431,0.0693,0.4207,0.0066,-0.4476,-0.7891,0.1919,-0.2299,0.9541
25.0162,0.0208,1.1421,-0.0483,0.1192,0.0959,-0.0100,0.9882,0.0397,0.9612,0.2118,0.0802,0.2152,0.8811,-0.4134,-0.1877,0.8429,0.0697,0.4203,0.0062,-0.4479,-0.7891,0.1872,-0.2375,0.9532
25.0726,0.0219,1.1401,-0.0484,0.1269,0.0974,-0.0105,0.9871,0.0402,0.9570,0.2137,0.1075,0.2264,0.8601,-0.4444,-0.1872,0.8436,0.0696,0.4172,0.0047,-0.4492,-0.7901,0.1896,-0.2525,0.9488
25.1283,0.0232,1.1404,-0.0483,0.1293,0.1027,-0.0102,0.9862,0.0384,0.9536,0.2096,0.1030,0.2363,0.8565,-0.4471,-0.1875,0.8428,0.0702,0.4170,0.0039,-0.4497,-0.7899,0.2000,-0.2571,0.9455
25.2111,0.0239,1.1395,-0.0490,0.1307,0.1097,-0.0100,0.9853,0.0217,0.9419,0.2045,0.2427,0.2432,0.8021,-0.4885,-0.1879,0.8425,0.0707,0.4175,0.0043,-0.4485,-0.7903,0.2135,-0.2597,0.9418
25.2668,0.0248,1.1380,-0.0499,0.1366,0.1176,-0.0080,0.9836,0.0321,0.8758,0.1841,0.1805,0.2218,0.6430,-0.7105,-0.1880,0.8409,0.0719,0.4186,0.0029,-0.4485,-0.7897,0.2291,-0.2706,0.9350
25.3232,0.0255,1.1375,-0.0491,0.1357,0.1208,-0.0055,0.9833,0.0426,0.8242,0.1825,0.1549,0.1886,0.5631,-0.7895,-0.1886,0.8408,0.0719,0.4184,0.0009,-0.4484,-0.7898,0.2360,-0.2683,0.9340
25.4059,0.0252,1.1369,-0.0490,0.1390,0.1201,-0.0050,0.9830,0.0627,0.7782,0.1808,0.1128,0.0903,0.5526,-0.8208,-0.1894,0.8405,0.0716,0.4197,-0.0023,-0.4511,-0.7876,0.2347,-0.2745,0.9325
25.4636,0.0256,1.1365,-0.0486,0.1416,0.1213,-0.0036,0.9825,0.1116,0.7537,0.1834,0.3311,-0.0575,0.4512,-0.8267,-0.1908,0.8419,0.0707,0.4210,-0.0034,-0.4489,-0.7882,0.2372,-0.2791,0.9305
25.5174,0.0261,1.1362,-0.0482,0.1425,0.1228,-0.0046,0.9821,0.1504,0.7578,0.2006,0.3969,-0.1352,0.5172,-0.7461,-0.1925,0.8422,0.0705,0.4211,-0.0028,-0.4492,-0.7879,0.2399,-0.2809,0.9292
25.5991,0.0267,1.1363,-0.0474,0.1422,0.1238,-0.0028,0.9821,0.1818,0.7765,0.2175,0.5059,-0.1938,0.3968,-0.7410,-0.1943,0.8418,0.0708,0.4205,-0.0017,-0.4476,-0.7892,0.2424,-0.2800,0.9289
25.6564,0.0277,1.1358,-0.0468,0.1437,0.1255,-0.0004,0.9816,0.1889,0.7994,0.2086,0.4858,-0.1300,0.3878,-0.7725,-0.1929,0.8397,0.0725,0.4192,0.0006,-0.4505,-0.7883,0.2463,-0.2822,0.9272
25.7116,0.0283,1.1355,-0.0464,0.1440,0.1245,-0.0011,0.9817,0.1777,0.7968,0.2129,0.4298,-0.1130,0.4088,-0.7971,-0.1917,0.8370,0.0742,0.4182,0.0009,-0.4501,-0.7890,0.2442,-0.2830,0.9275
25.7944,0.0285,1.1353,-0.0456,0.1436,0.1234,-0.0023,0.9819,0.1639,0.7877,0.2186,0.3884,-0.1428,0.3821,-0.8263,-0.1876,0.8318,0.0791,0.4205,0.0005,-0.4471,-0.7895,0.2416,-0.2826,0.9283
25.8502,0.0288,1.1349,-0.0445,0.1449,0.1220,-0.0028,0.9819,0.1468,0.7392,0.2462,0.3701,-0.1264,0.3403,-0.8551,-0.1867,0.8316,0.0793,0.4231,-0.0066,-0.4467,-0.7883,0.2388,-0.2852,0.9283
25.9067,0.0285,1.1342,-0.0441,0.1468,0.1206,-0.0026,0.9818,0.1437,0.7303,0.2472,0.3592,-0.1086,0.3108,-0.8733,-0.1898,0.8326,0.0785,0.4236,-0.0072,-0.4461,-0.7884,0.2360,-0.2888,0.9278
25.9909,0.0271,1.1341,-0.0441,0.1470,0.1186,-0.0011,0.9820,0.1428,0.7293,0.2448,0.3488,-0.1160,0.3345,-0.8678,-0.1899,0.8355,0.0764,0.4263,-0.0065,-0.4470,-0.7864,0.2326,-0.2891,0.9286
26.0452,0.0261,1.1342,-0.0445,0.1466,0.1184,0.0008,0.9821,0.1459,0.7379,0.2413,0.3380,-0.1094,0.3152,-0.8800,-0.1920,0.8377,0.0744,0.4265,-0.0025,-0.4487,-0.7854,0.2328,-0.2878,0.9290
26.1014,0.0256,1.1346,-0.0451,0.1456,0.1189,0.0023,0.9822,0.1468,0.7440,0.2394,0.3181,-0.1047,0.3064,-0.8910,-0.1920,0.8384,0.0737,0.4263,0.0018,-0.4501,-0.7847,0.2343,-0.2855,0.9293
26.1834,0.0247,1.1348,-0.0450,0.1449,0.1166,0.0024,0.9826,0.1465,0.7454,0.2389,0.3250,-0.0976,0.3035,-0.8904,-0.1910,0.8378,0.0743,0.4233,0.0120,-0.4519,-0.7851,0.2298,-0.2841,0.9308
26.2392,0.0234,1.1351,-0.0448,0.1440,0.1130,0.0026,0.9831,0.1475,0.7523,0.2335,0.2476,-0.0995,0.3357,-0.9034,-0.1907,0.8364,0.0747,0.4231,0.0081,-0.4519,-0.7853,0.2229,-0.2826,0.9330
26.2949,0.0224,1.1348,-0.0447,0.1449,0.1106,0.0022,0.9832,0.1491,0.7521,0.2311,0.2623,-0.0900,0.3579,-0.8916,-0.1910,0.8352,0.0752,0.4248,0.0078,-0.4528,-0.7839,0.2182,-0.2845,0.9335
26.3776,0.0212,1.1355,-0.0447,0.1431,0.1095,0.0034,0.9836,0.1633,0.7520,0.2407,0.3034,-0.1252,0.4073,-0.8523,-0.1926,0.8355,0.0753,0.4236,0.0087,-0.4525,-0.7847,0.2164,-0.2808,0.9350
26.4334,0.0196,1.1357,-0.0449,0.1419,0.1079,0.0066,0.9840,0.1255,0.7399,0.1604,0.6262,0.0851,0.2403,-0.7368,-0.1928,0.8361,0.0749,0.4380,0.0267,-0.4641,-0.7695,0.2143,-0.2778,0.9364
26.4888,0.0190,1.1354,-0.0455,0.1432,0.1086,0.0088,0.9837,0.1109,0.7197,0.1338,0.4420,0.3004,0.2041,-0.8202,-0.1920,0.8363,0.0750,0.4454,0.0284,-0.4653,-0.7644,0.2162,-0.2799,0.9354
26.5715,0.0187,1.1354,-0.0453,0.1434,0.1063,0.0104,0.9839,0.0879,0.7016,0.1092,0.3327,0.4371,0.2703,-0.7907,-0.1923,0.8366,0.0750,0.4401,0.0240,-0.4626,-0.7692,0.2122,-0.2799,0.9363
26.6276,0.0181,1.1354,-0.0453,0.1440,0.1013,0.0120,0.9843,0.0797,0.6881,0.1103,0.3013,0.4553,0.1513,-0.8240,-0.1922,0.8333,0.0763,0.4407,0.0202,-0.4569,-0.7724,0.2030,-0.2810,0.9380
26.6837,0.0173,1.1353,-0.0449,0.1436,0.0979,0.0111,0.9847,0.0763,0.6846,0.1096,0.3054,0.4320,0.1418,-0.8366,-0.1921,0.8314,0.0773,0.4409,0.0177,-0.4561,-0.7728,0.1959,-0.2807,0.9396
26.7664,0.0167,1.1351,-0.0448,0.1450,0.0964,0.0130,0.9846,0.0686,0.7021,0.0997,0.2824,0.3895,0.1532,-0.8632,-0.1935,0.8302,0.0768,0.4427,0.0099,-0.4528,-0.7739,0.1935,-0.2831,0.9394
26.8218,0.0156,1.1347,-0.0443,0.1468,0.0932,0.0155,0.9846,0.0738,0.7007,0.1124,0.2862,0.3862,0.1674,-0.8608,-0.1937,0.8325,0.0755,0.4455,0.0096,-0.4510,-0.7733,0.1882,-0.2862,0.9395
26.8775,0.0144,1.1339,-0.0438,0.1494,0.0874,0.0176,0.9848,0.0771,0.6992,0.1195,0.2914,0.3845,0.1675,-0.8598,-0.1944,0.8333,0.0746,0.4458,0.0102,-0.4494,-0.7741,0.1774,-0.2912,0.9401
26.9605,0.0111,1.1335,-0.0428,0.1507,0.0697,0.0172,0.9860,0.0792,0.6995,0.1222,0.2922,0.3848,0.1685,-0.8591,-0.1942,0.8338,0.0740,0.4457,0.0135,-0.4479,-0.7749,0.1426,-0.2948,0.9449
27.0170,0.0070,1.1331,-0.0417,0.1504,0.0466,0.0171,0.9874,0.0809,0.7021,0.1233,0.3059,0.3768,0.1816,-0.8553,-0.1930,0.8300,0.0757,0.4465,0.0152,-0.4488,-0.7740,0.0972,-0.2954,0.9504
27.0722,0.0043,1.1332,-0.0408,0.1498,0.0289,0.0183,0.9881,0.0804,0.7117,0.1244,0.3370,0.3675,0.2348,-0.8344,-0.1923,0.8283,0.0765,0.4490,0.0150,-0.4348,-0.7805,0.0626,-0.2949,0.9535
27.1556,0.0032,1.1330,-0.0402,0.1504,0.0298,0.0222,0.9879,0.0782,0.7117,0.1231,0.3195,0.3442,0.2279,-0.8530,-0.1911,0.8285,0.0770,0.4472,0.0267,-0.3868,-0.8060,0.0655,-0.2959,0.9530
27.2108,0.0021,1.1329,-0.0392,0.1508,0.0265,0.0260,0.9879,0.0841,0.7270,0.1487,0.3302,0.2758,0.2651,-0.8629,-0.1895,0.8282,0.0765,0.4354,0.0312,-0.3748,-0.8179,0.0602,-0.2966,0.9531
27.2673,0.0013,1.1327,-0.0387,0.1515,0.0288,0.0250,0.9877,0.0949,0.7487,0.1739,0.3748,0.0984,0.2263,-0.8937,-0.1906,0.8287,0.0759,0.4230,0.0239,-0.3941,-0.8156,0.0645,-0.2978,0.9525
27.3508,0.0021,1.1329,-0.0389,0.1516,0.0369,0.0279,0.9874,0.1034,0.7868,0.1944,0.2870,-0.1838,0.2736,-0.8994,-0.1911,0.8293,0.0756,0.4104,0.0179,-0.4072,-0.8158,0.0814,-0.2974,0.9513
27.4056,0.0027,1.1331,-0.0391,0.1509,0.0439,0.0306,0.9871,0.1456,0.7832,0.2388,0.3154,-0.1635,0.2507,-0.9005,-0.1922,0.8286,0.0766,0.4082,0.0213,-0.4056,-0.8176,0.0959,-0.2952,0.9506
27.4618,0.0029,1.1336,-0.0384,0.1486,0.0429,0.0310,0.9875,0.1617,0.7764,0.2590,0.2205,-0.1621,0.1875,-0.9434,-0.1934,0.8270,0.0786,0.4049,0.0244,-0.4095,-0.8172,0.0940,-0.2909,0.9521
27.5448,0.0015,1.1335,-0.0371,0.1489,0.0342,0.0287,0.9878,0.1621,0.7685,0.2635,0.1330,-0.1261,0.2033,-0.9618,-0.1926,0.8274,0.0788,0.4016,0.0262,-0.4135,-0.8167,0.0762,-0.2923,0.9533
27.5997,0.0001,1.1334,-0.0363,0.1486,0.0283,0.0296,0.9880,0.1527,0.7705,0.2577,0.0990,-0.0908,0.2059,-0.9693,-0.1927,0.8261,0.0798,0.3984,0.0290,-0.4148,-0.8176,0.0647,-0.2920,0.9542
27.6555,-0.0007,1.1331,-0.0368,0.1499,0.0254,0.0302,0.9879,0.1428,0.7719,0.2555,0.0768,-0.1299,0.1563,-0.9761,-0.1936,0.8260,0.0797,0.3970,0.0318,-0.4172,-0.8169,0.0592,-0.2947,0.9537
27.7385,-0.0021,1.1337,-0.0375,0.1473,0.0209,0.0283,0.9885,0.1387,0.7669,0.2587,0.1169,-0.1202,0.0993,-0.9808,-0.1954,0.8269,0.0794,0.3948,0.0355,-0.4215,-0.8156,0.0496,-0.2900,0.9557
27.7944,-0.0042,1.1336,-0.0384,0.1474,0.0127,0.0274,0.9886,0.1385,0.7750,0.2601,0.0983,-0.1274,0.1115,-0.9807,-0.1960,0.8287,0.0773,0.3980,0.0366,-0.4189,-0.8153,0.0331,-0.2908,0.9562
27.8503,-0.0054,1.1340,-0.0381,0.1453,0.0048,0.0286,0.9890,0.1407,0.7832,0.2639,0.1147,-0.1149,0.1415,-0.9765,-0.1964,0.8291,0.0767,0.3972,0.0384,-0.4216,-0.8143,0.0179,-0.2871,0.9577
27.9332,-0.0065,1.1342,-0.0374,0.1446,-0.0026,0.0277,0.9891,0.1543,0.7880,0.2894,0.0718,-0.1131,0.2001,-0.9706,-0.1945,0.8315,0.0743,0.3948,0.0421,-0.4255,-0.8132,0.0029,-0.2862,0.9582
27.9886,-0.0080,1.1341,-0.0369,0.1453,-0.0121,0.0259,0.9890,0.0915,0.8461,0.2743,0.2556,0.0484,0.2558,-0.9311,-0.1926,0.8303,0.0761,0.4054,0.0379,-0.4125,-0.8149,-0.0165,-0.2879,0.9575
28.0447,-0.0086,1.1340,-0.0360,0.1441,-0.0145,0.0256,0.9891,0.0483,0.8709,0.2637,0.3473,0.1143,0.3185,-0.8746,-0.1913,0.8301,0.0764,0.4104,0.0325,-0.4085,-0.8147,-0.0212,-0.2858,0.9581
28.1278,-0.0098,1.1346,-0.0342,0.1432,-0.0161,0.0252,0.9892,0.0236,0.8784,0.2608,0.3117,0.2189,0.3657,-0.8493,-0.1897,0.8316,0.0761,0.4095,0.0306,-0.4144,-0.8122,-0.0247,-0.2842,0.9584
28.1835,-0.0112,1.1347,-0.0324,0.1431,-0.0210,0.0242,0.9892,0.0074,0.8579,0.2684,0.1948,0.2998,0.2954,-0.8860,-0.1909,0.8317,0.0749,0.4211,0.0155,-0.4198,-0.8039,-0.0347,-0.2842,0.9581
28.2393,-0.0123,1.1348,-0.0309,0.1432,-0.0223,0.0228,0.9892,-0.0018,0.8417,0.2804,0.1263,0.2737,0.2811,-0.9111,-0.1937,0.8326,0.0724,0.4211,0.0143,-0.4182,-0.8047,-0.0377,-0.2843,0.9580
28.3220,-0.0131,1.1348,-0.0297,0.1428,-0.0205,0.0222,0.9893,-0.0172,0.8159,0.2958,0.1353,0.2167,0.2624,-0.9305,-0.1970,0.8326,0.0716,0.4267,0.0057,-0.4347,-0.7931,-0.0341,-0.2835,0.9584
28.3789,-0.0143,1.1348,-0.0281,0.1423,-0.0191,0.0209,0.9894,-0.0227,0.7810,0.3116,0.1073,0.1742,0.2051,-0.9571,-0.2003,0.8326,0.0713,0.4287,0.0143,-0.4379,-0.7901,-0.0318,-0.2824,0.9588
28.4343,-0.0150,1.1348,-0.0270,0.1415,-0.0173,0.0224,0.9895,-0.0224,0.7675,0.3089,0.1021,0.1398,0.1915,-0.9661,-0.2013,0.8329,0.0706,0.4268,0.0189,-0.4332,-0.7936,-0.0279,-0.2808,0.9594
28.5178,-0.0152,1.1345,-0.0268,0.1432,-0.0178,0.0230,0.9893,-0.0196,0.7642,0.3084,0.0970,0.1268,0.1745,-0.9716,-0.2027,0.8323,0.0702,0.4262,0.0201,-0.4306,-0.7953,-0.0286,-0.2842,0.9583
28.5721,-0.0156,1.1343,-0.0263,0.1438,-0.0182,0.0239,0.9892,-0.0129,0.7561,0.3083,0.1093,0.1319,0.1850,-0.9677,-0.2027,0.8312,0.0715,0.4253,0.0252,-0.4260,-0.7981,-0.0292,-0.2853,0.9580
28.6277,-0.0146,1.1342,-0.0271,0.1449,-0.0179,0.0247,0.9890,-0.0118,0.7577,0.3093,0.1177,0.1372,0.1991,-0.9632,-0.2014,0.8313,0.0716,0.4243,0.0275,-0.4258,-0.7987,-0.0281,-0.2875,0.9574
28.7107,-0.0136,1.1345,-0.0283,0.1430,-0.0170,0.0231,0.9893,-0.0111,0.7614,0.3103,0.1188,0.1397,0.1995,-0.9626,-0.1999,0.8320,0.0713,0.4234,0.0296,-0.4247,-0.7997,-0.0270,-0.2836,0.9585
28.7665,-0.0126,1.1347,-0.0297,0.1425,-0.0165,0.0220,0.9894,-0.0123,0.7625,0.3098,0.1114,0.1381,0.1847,-0.9666,-0.1958,0.8351,0.0690,0.4220,0.0296,-0.4250,-0.8003,-0.0263,-0.2827,0.9589
28.8228,-0.0120,1.1349,-0.0309,0.1429,-0.0154,0.0207,0.9894,-0.0128,0.7616,0.3103,0.1100,0.1380,0.1850,-0.9668,-0.1939,0.8362,0.0683,0.4190,0.0306,-0.4307,-0.7987,-0.0246,-0.2834,0.9587
28.9049,-0.0120,1.1350,-0.0313,0.1420,-0.0153,0.0212,0.9895,-0.0119,0.7606,0.3098,0.1178,0.1368,0.1768,-0.9676,-0.1929,0.8359,0.0675,0.4201,0.0305,-0.4241,-0.8017,-0.0243,-0.2816,0.9592
28.9624,-0.0120,1.1353,-0.0319,0.1408,-0.0149,0.0214,0.9897,-0.0075,0.7627,0.3078,0.0909,0.1463,0.2227,-0.9596,-0.1949,0.8346,0.0686,0.4217,0.0283,-0.4404,-0.7921,-0.0234,-0.2793,0.9599
29.0180,-0.0122,1.1349,-0.0325,0.1431,-0.0137,0.0221,0.9894,-0.0013,0.7709,0.2986,0.0679,0.1531,0.2513,-0.9533,-0.1957,0.8342,0.0688,0.4255,0.0292,-0.4359,-0.7925,-0.0208,-0.2838,0.9587
29.1004,-0.0124,1.1348,-0.0332,0.1427,-0.0150,0.0232,0.9894,0.0105,0.7927,0.2725,0.1023,0.1899,0.2732,-0.9375,-0.1959,0.8343,0.0690,0.4319,0.0333,-0.4281,-0.7932,-0.0230,-0.2831,0.9588
29.1563,-0.0127,1.1348,-0.0340,0.1417,-0.0161,0.0239,0.9895,0.0286,0.8128,0.2206,0.2254,0.2115,0.3181,-0.8963,-0.1960,0.8344,0.0683,0.4342,0.0383,-0.4196,-0.7962,-0.0252,-0.2811,0.9593
29.2116,-0.0128,1.1347,-0.0350,0.1430,-0.0176,0.0236,0.9893,0.0366,0.8061,0.2104,0.2459,0.2121,0.3108,-0.8933,-0.1958,0.8340,0.0685,0.4357,0.0390,-0.4170,-0.7967,-0.0280,-0.2838,0.9585
29.2953,-0.0126,1.1348,-0.0359,0.1416,-0.0193,0.0243,0.9894,0.0470,0.7945,0.1964,0.2409,0.2068,0.3268,-0.8902,-0.1953,0.8343,0.0682,0.4439,0.0324,-0.4133,-0.7944,-0.0314,-0.2811,0.9592
29.3507,-0.0124,1.1348,-0.0372,0.1422,-0.0207,0.0237,0.9893,0.0549,0.7674,0.1824,0.2789,0.1963,0.3433,-0.8751,-0.1933,0.8342,0.0684,0.4387,0.0343,-0.4190,-0.7942,-0.0342,-0.2824,0.9587
29.4063,-0.0118,1.1348,-0.0374,0.1413,-0.0207,0.0238,0.9895,0.0592,0.7486,0.1745,0.2904,0.2078,0.3102,-0.8811,-0.1916,0.8341,0.0683,0.4402,0.0333,-0.4212,-0.7922,-0.0343,-0.2806,0.9592
29.4893,-0.0114,1.1348,-0.0376,0.1410,-0.0197,0.0235,0.9895,0.0673,0.7357,0.1657,0.2662,0.2166,0.2932,-0.8923,-0.1901,0.8333,0.0684,0.4382,0.0313,-0.4231,-0.7925,-0.0324,-0.2799,0.9595
29.5446,-0.0107,1.1346,-0.0381,0.1418,-0.0192,0.0228,0.9894,0.0706,0.7168,0.1614,0.2718,0.2389,0.2753,-0.8906,-0.1886,0.8337,0.0683,0.4520,0.0255,-0.4223,-0.7853,-0.0314,-0.2815,0.9590
29.6006,-0.0103,1.1344,-0.0382,0.1421,-0.0180,0.0228,0.9894,0.0734,0.7145,0.1607,0.2713,0.2694,0.2841,-0.8793,-0.1891,0.8333,0.0686,0.4537,0.0269,-0.4192,-0.7860,-0.0291,-0.2820,0.9590
29.6827,-0.0103,1.1345,-0.0382,0.1423,-0.0163,0.0233,0.9894,0.0723,0.7155,0.1598,0.2683,0.2910,0.2846,-0.8731,-0.1898,0.8332,0.0686,0.4535,0.0260,-0.4199,-0.7857,-0.0256,-0.2824,0.9590
29.7393,-0.0103,1.1344,-0.0384,0.1418,-0.0152,0.0234,0.9895,0.0682,0.7180,0.1586,0.2540,0.2728,0.2846,-0.8832,-0.1890,0.8338,0.0682,0.4546,0.0256,-0.4231,-0.7833,-0.0235,-0.2813,0.9593
29.7947,-0.0104,1.1343,-0.0382,0.1416,-0.0129,0.0235,0.9896,0.0664,0.7188,0.1602,0.2486,0.2649,0.2871,-0.8863,-0.1890,0.8340,0.0678,0.4565,0.0243,-0.4224,-0.7827,-0.0189,-0.2808,0.9596
29.8776,-0.0110,1.1343,-0.0377,0.1419,-0.0120,0.0244,0.9895,0.0661,0.7222,0.1612,0.2387,0.2611,0.2903,-0.8892,-0.1889,0.8344,0.0673,0.4546,0.0260,-0.4213,-0.7843,-0.0169,-0.2815,0.9594
29.9338,-0.0120,1.1339,-0.0373,0.1430,-0.0119,0.0247,0.9893,0.0643,0.7254,0.1615,0.2260,0.2519,0.2933,-0.8941,-0.1893,0.8347,0.0668,0.4558,0.0242,-0.4221,-0.7833,-0.0164,-0.2836,0.9588
29.9890,-0.0129,1.1335,-0.0371,0.1439,-0.0124,0.0247,0.9892,0.0637,0.7263,0.1621,0.2255,0.2515,0.2922,-0.8947,-0.1901,0.8345,0.0669,0.4557,0.0225,-0.4250,-0.7818,-0.0175,-0.2854,0.9583
30.0724,-0.0136,1.1335,-0.0368,0.1442,-0.0134,0.0254,0.9891,0.0635,0.7271,0.1621,0.2282,0.2525,0.2937,-0.8932,-0.1904,0.8347,0.0665,0.4543,0.0201,-0.4320,-0.7788,-0.0193,-0.2860,0.9580
30.1276,-0.0147,1.1331,-0.0369,0.1454,-0.0140,0.0261,0.9889,0.0626,0.7277,0.1621,0.2254,0.2497,0.2940,-0.8947,-0.1913,0.8341,0.0675,0.4566,0.0187,-0.4288,-0.7793,-0.0201,-0.2884,0.9573
30.1836,-0.0155,1.1328,-0.0372,0.1454,-0.0150,0.0273,0.9889,0.0622,0.7278,0.1619,0.2264,0.2489,0.2935,-0.8948,-0.1916,0.8335,0.0682,0.4561,0.0151,-0.4364,-0.7754,-0.0218,-0.2884,0.9573
30.2661,-0.0157,1.1329,-0.0375,0.1457,-0.0132,0.0283,0.9888,0.0620,0.7286,0.1615,0.2259,0.2483,0.2926,-0.8954,-0.1916,0.8337,0.0682,0.4538,0.0167,-0.4380,-0.7758,-0.0179,-0.2890,0.9572
30.3231,-0.0159,1.1327,-0.0380,0.1456,-0.0116,0.0292,0.9888,0.0625,0.7287,0.1623,0.2239,0.2490,0.2924,-0.8958,-0.1912,0.8347,0.0676,0.4536,0.0148,-0.4326,-0.7790,-0.0144,-0.2887,0.9573
30.3788,-0.0157,1.1327,-0.0382,0.1445,-0.0102,0.0285,0.9890,0.0628,0.7298,0.1629,0.2217,0.2491,0.2925,-0.8962,-0.1907,0.8358,0.0674,0.4513,0.0140,-0.4346,-0.7793,-0.0119,-0.2863,0.9581
30.4610,-0.0136,1.1331,-0.0385,0.1446,-0.0072,0.0275,0.9891,0.0621,0.7253,0.1582,0.2272,0.3050,0.3168,-0.8689,-0.1902,0.8370,0.0672,0.4488,0.0106,-0.4390,-0.7783,-0.0062,-0.2865,0.9581
30.5170,-0.0110,1.1339,-0.0394,0.1444,-0.0020,0.0262,0.9892,0.0729,0.7710,0.2096,0.2272,0.1466,0.2838,-0.9200,-0.1886,0.8391,0.0657,0.4485,0.0112,-0.4343,-0.7811,0.0037,-0.2858,0.9583
30.5725,-0.0087,1.1346,-0.0399,0.1419,0.0038,0.0251,0.9896,0.0685,0.8058,0.2456,0.1791,-0.0101,0.2672,-0.9468,-0.1889,0.8396,0.0658,0.4458,0.0113,-0.4373,-0.7809,0.0146,-0.2806,0.9597
30.6554,-0.0068,1.1354,-0.0394,0.1396,0.0095,0.0245,0.9899,0.0651,0.8177,0.2815,0.1287,-0.0476,0.1857,-0.9730,-0.1893,0.8384,0.0669,0.4485,0.0025,-0.4619,-0.7652,0.0256,-0.2760,0.9608
30.7131,-0.0042,1.1357,-0.0385,0.1389,0.0167,0.0220,0.9899,0.0704,0.8022,0.3154,0.0551,0.0233,0.1952,-0.9789,-0.1878,0.8420,0.0645,0.4367,0.0274,-0.4098,-0.8004,0.0392,-0.2742,0.9609
30.7675,-0.0029,1.1352,-0.0377,0.1405,0.0208,0.0206,0.9896,0.0681,0.7862,0.3308,0.0625,0.0713,0.1614,-0.9823,-0.1872,0.8445,0.0618,0.4363,0.0360,-0.3961,-0.8072,0.0470,-0.2772,0.9597
30.8500,-0.0020,1.1350,-0.0374,0.1422,0.0252,0.0203,0.9893,0.0590,0.7893,0.3203,0.0074,0.0750,0.0839,-0.9936,-0.1892,0.8479,0.0580,0.4339,0.0356,-0.3945,-0.8092,0.0556,-0.2803,0.9583
30.9054,-0.0001,1.1349,-0.0372,0.1428,0.0331,0.0200,0.9890,0.0508,0.7774,0.3156,0.0494,0.0908,0.0973,-0.9899,-0.1895,0.8452,0.0606,0.4390,0.0319,-0.4033,-0.8023,0.0713,-0.2812,0.9570
30.9618,0.0016,1.1349,-0.0368,0.1425,0.0403,0.0214,0.9888,0.0473,0.7727,0.3128,0.0651,0.0839,0.1186,-0.9873,-0.1903,0.8435,0.0620,0.4410,0.0321,-0.4034,-0.8011,0.0858,-0.2800,0.9562
31.0446,0.0034,1.1348,-0.0372,0.1440,0.0492,0.0199,0.9882,0.0459,0.7671,0.3143,0.0723,0.0800,0.1323,-0.9853,-0.1914,0.8418,0.0631,0.4407,0.0310,-0.4058,-0.8001,0.1029,-0.2827,0.9537
31.1000,0.0051,1.1349,-0.0362,0.1424,0.0603,0.0189,0.9878,0.0480,0.7720,0.3105,0.0763,0.0767,0.1468,-0.9832,-0.1915,0.8408,0.0639,0.4377,0.0293,-0.4144,-0.7974,0.1246,-0.2791,0.9521
31.1558,0.0058,1.1341,-0.0362,0.1467,0.0663,0.0200,0.9868,0.0533,0.7759,0.3089,0.0763,0.0900,0.2027,-0.9721,-0.1920,0.8399,0.0647,0.4338,0.0264,-0.4268,-0.7931,0.1366,-0.2868,0.9482
31.2383,0.0049,1.1333,-0.0363,0.1477,0.0684,0.0216,0.9864,0.0726,0.7943,0.3106,0.0911,0.1484,0.4275,-0.8871,-0.1910,0.8413,0.0643,0.4330,0.0243,-0.4373,-0.7878,0.1414,-0.2884,0.9470
31.2947,0.0048,1.1326,-0.0365,0.1497,0.0742,0.0226,0.9857,0.1481,0.8631,0.2370,0.1737,0.1526,0.4702,-0.8517,-0.1923,0.8441,0.0616,0.4356,0.0264,-0.4262,-0.7924,0.1531,-0.2918,0.9441
31.3502,0.0047,1.1329,-0.0372,0.1492,0.0773,0.0244,0.9855,0.1968,0.8784,0.2066,0.1915,0.1284,0.4675,-0.8534,-0.1924,0.8460,0.0611,0.4337,0.0298,-0.4253,-0.7939,0.1596,-0.2904,0.9435
31.4335,0.0060,1.1330,-0.0379,0.1492,0.0800,0.0271,0.9852,0.2403,0.8731,0.1994,0.1864,0.1114,0.4420,-0.8703,-0.1926,0.8440,0.0622,0.4342,0.0317,-0.4230,-0.7947,0.1657,-0.2896,0.9427
31.4891,0.0077,1.1333,-0.0391,0.1486,0.0834,0.0290,0.9849,0.2496,0.8469,0.1893,0.1445,0.1418,0.3880,-0.8991,-0.1906,0.8364,0.0685,0.4254,0.0352,-0.4254,-0.7980,0.1730,-0.2879,0.9419
31.5451,0.0094,1.1336,-0.0396,0.1469,0.0825,0.0273,0.9853,0.2381,0.8274,0.1918,0.0741,0.1838,0.3412,-0.9189,-0.1864,0.8287,0.0753,0.4113,0.0365,-0.4417,-0.7965,0.1706,-0.2849,0.9432
31.6297,0.0106,1.1332,-0.0392,0.1478,0.0798,0.0239,0.9855,0.2271,0.8195,0.1954,-0.0357,0.1832,0.2431,-0.9519,-0.1818,0.8249,0.0780,0.4182,0.0340,-0.4277,-0.8007,0.1644,-0.2875,0.9436
31.6836,0.0122,1.1325,-0.0390,0.1504,0.0785,0.0206,0.9853,0.2103,0.8076,0.1986,0.0201,0.1406,0.2056,-0.9683,-0.1814,0.8296,0.0744,0.4100,0.0307,-0.4364,-0.8003,0.1609,-0.2931,0.9424
31.7400,0.0125,1.1323,-0.0388,0.1509,0.0784,0.0195,0.9852,0.2044,0.7998,0.2010,0.0208,0.1369,0.2063,-0.9686,-0.1834,0.8323,0.0720,0.4029,0.0279,-0.4438,-0.8000,0.1603,-0.2944,0.9422
31.8231,0.0113,1.1325,-0.0386,0.1511,0.0776,0.0205,0.9853,0.1987,0.7880,0.2072,0.0133,0.1143,0.2222,-0.9682,-0.1865,0.8321,0.0715,0.4080,0.0313,-0.4377,-0.8006,0.1591,-0.2946,0.9423
31.8783,0.0109,1.1326,-0.0389,0.1517,0.0778,0.0204,0.9852,0.1986,0.7950,0.2076,0.0087,0.1119,0.2395,-0.9644,-0.1889,0.8324,0.0705,0.4084,0.0336,-0.4381,-0.8001,0.1595,-0.2957,0.9419
31.9342,0.0104,1.1332,-0.0392,0.1492,0.0792,0.0214,0.9854,0.1991,0.8000,0.2076,0.0023,0.1101,0.2443,-0.9634,-0.1892,0.8328,0.0703,0.4065,0.0355,-0.4410,-0.7994,0.1626,-0.2907,0.9429
32.0172,0.0100,1.1331,-0.0390,0.1500,0.0790,0.0224,0.9853,0.1999,0.8012,0.2085,0.0018,0.1126,0.2479,-0.9622,-0.1887,0.8331,0.0701,0.4054,0.0363,-0.4409,-0.8000,0.1624,-0.2920,0.9425
32.0727,0.0097,1.1328,-0.0389,0.1510,0.0777,0.0223,0.9852,0.1998,0.8018,0.2078,0.0047,0.1176,0.2517,-0.9606,-0.1879,0.8327,0.0704,0.4034,0.0376,-0.4399,-0.8015,0.1598,-0.2940,0.9423
32.1281,0.0098,1.1324,-0.0389,0.1527,0.0772,0.0218,0.9850,0.1995,0.7996,0.2078,0.0062,0.1181,0.2566,-0.9592,-0.1882,0.8318,0.0705,0.4038,0.0367,-0.4396,-0.8014,0.1587,-0.2974,0.9415
32.2108,0.0099,1.1325,-0.0391,0.1518,0.0771,0.0216,0.9852,0.1995,0.7967,0.2075,0.0070,0.1181,0.2641,-0.9572,-0.1885,0.8306,0.0713,0.4057,0.0376,-0.4406,-0.7999,0.1585,-0.2958,0.9420
32.2666,0.0099,1.1326,-0.0393,0.1516,0.0763,0.0212,0.9853,0.2013,0.7977,0.2050,0.0114,0.1179,0.2646,-0.9571,-0.1894,0.8310,0.0705,0.4046,0.0348,-0.4426,-0.7995,0.1568,-0.2954,0.9424
32.3225,0.0095,1.1326,-0.0393,0.1518,0.0757,0.0213,0.9853,0.2028,0.7967,0.2025,0.0187,0.1188,0.2667,-0.9562,-0.1899,0.8314,0.0702,0.4038,0.0340,-0.4441,-0.7991,0.1557,-0.2958,0.9425
32.4052,0.0090,1.1325,-0.0393,0.1513,0.0738,0.0218,0.9855,0.2036,0.7950,0.2007,0.0290,0.1150,0.2686,-0.9559,-0.1903,0.8313,0.0705,0.4022,0.0330,-0.4500,-0.7966,0.1521,-0.2950,0.9433
32.4614,0.0085,1.1324,-0.0391,0.1514,0.0712,0.0214,0.9857,0.2064,0.7916,0.1994,0.0449,0.1128,0.2714,-0.9548,-0.1898,0.8321,0.0703,0.4031,0.0344,-0.4475,-0.7975,0.1468,-0.2954,0.9440
32.5169,0.0082,1.1322,-0.0391,0.1525,0.0693,0.0211,0.9856,0.2091,0.7882,0.1985,0.0539,0.1145,0.2747,-0.9532,-0.1895,0.8317,0.0710,0.4041,0.0366,-0.4466,-0.7975,0.1430,-0.2977,0.9439
32.6010,0.0077,1.1322,-0.0390,0.1522,0.0679,0.0208,0.9858,0.2110,0.7864,0.1971,0.0589,0.1168,0.2807,-0.9508,-0.1895,0.8318,0.0710,0.4036,0.0374,-0.4458,-0.7981,0.1401,-0.2973,0.9444
32.6550,0.0066,1.1321,-0.0387,0.1522,0.0615,0.0197,0.9862,0.2108,0.7889,0.1972,0.0482,0.1094,0.2879,-0.9502,-0.1887,0.8324,0.0708,0.4042,0.0394,-0.4456,-0.7978,0.1273,-0.2978,0.9461
32.7106,0.0044,1.1314,-0.0385,0.1544,0.0527,0.0184,0.9864,0.2111,0.7893,0.1978,0.0418,0.1005,0.3069,-0.9455,-0.1888,0.8326,0.0708,0.4039,0.0398,-0.4465,-0.7974,0.1097,-0.3027,0.9468
32.7943,0.0023,1.1309,-0.0383,0.1554,0.0442,0.0179,0.9867,0.2107,0.7902,0.1981,0.0349,0.0937,0.3279,-0.9394,-0.1895,0.8322,0.0712,0.4042,0.0398,-0.4474,-0.7968,0.0928,-0.3051,0.9478
32.8499,-0.0002,1.1309,-0.0385,0.1561,0.0354,0.0181,0.9869,0.2102,0.7905,0.1987,0.0402,0.0968,0.3096,-0.9451,-0.1907,0.8328,0.0702,0.4039,0.0404,-0.4466,-0.7973,0.0755,-0.3068,0.9488
32.9060,-0.0012,1.1311,-0.0386,0.1541,0.0331,0.0192,0.9873,0.2090,0.7908,0.1990,0.0445,0.0956,0.2988,-0.9485,-0.1928,0.8318,0.0713,0.4044,0.0417,-0.4446,-0.7981,0.0712,-0.3030,0.9503
32.9901,-0.0015,1.1312,-0.0391,0.1544,0.0341,0.0199,0.9872,0.2078,0.7913,0.1986,0.0521,0.0910,0.2888,-0.9516,-0.1973,0.8286,0.0754,0.4036,0.0428,-0.4457,-0.7979,0.0734,-0.3035,0.9500
33.0444,-0.0025,1.1311,-0.0396,0.1548,0.0324,0.0202,0.9872,0.2043,0.7919,0.2020,0.0536,0.0790,0.2854,-0.9536,-0.1996,0.8279,0.0766,0.4034,0.0416,-0.4452,-0.7983,0.0703,-0.3044,0.9500
33.1006,-0.0028,1.1308,-0.0399,0.1562,0.0327,0.0205,0.9870,0.2029,0.7930,0.2028,0.0539,0.0802,0.2891,-0.9524,-0.1997,0.8280,0.0771,0.4029,0.0427,-0.4449,-0.7987,0.0709,-0.3070,0.9491
33.1827,-0.0029,1.1307,-0.0404,0.1565,0.0327,0.0209,0.9869,0.2006,0.7957,0.2025,0.0545,0.0803,0.2893,-0.9523,-0.1996,0.8286,0.0771,0.4032,0.0418,-0.4463,-0.7978,0.0710,-0.3075,0.9489
33.2387,-0.0033,1.1307,-0.0412,0.1567,0.0325,0.0214,0.9869,0.2021,0.7943,0.2040,0.0519,0.0817,0.2900,-0.9521,-0.1994,0.8301,0.0763,0.4040,0.0436,-0.4444,-0.7984,0.0708,-0.3079,0.9488
33.2943,-0.0035,1.1308,-0.0419,0.1564,0.0325,0.0219,0.9869,0.2022,0.7939,0.2040,0.0513,0.0816,0.2891,-0.9524,-0.2004,0.8301,0.0762,0.4045,0.0446,-0.4417,-0.7996,0.0710,-0.3072,0.9490
33.3768,-0.0030,1.1308,-0.0419,0.1563,0.0320,0.0226,0.9869,0.2039,0.7919,0.2041,0.0490,0.0816,0.2870,-0.9532,-0.2024,0.8288,0.0768,0.4068,0.0432,-0.4395,-0.7997,0.0703,-0.3071,0.9491
33.4330,-0.0026,1.1309,-0.0421,0.1569,0.0305,0.0227,0.9869,0.1976,0.7940,0.2036,0.0566,0.0809,0.2894,-0.9521,-0.2018,0.8299,0.0760,0.4035,0.0445,-0.4377,-0.8023,0.0673,-0.3084,0.9489
33.4886,-0.0022,1.1306,-0.0426,0.1587,0.0290,0.0214,0.9867,0.1743,0.8043,0.1980,0.1090,0.1054,0.3141,-0.9372,-0.2016,0.8300,0.0766,0.4023,0.0437,-0.4369,-0.8033,0.0641,-0.3119,0.9480
33.5713,-0.0017,1.1306,-0.0431,0.1573,0.0296,0.0219,0.9869,0.1233,0.8379,0.1797,0.1647,0.2065,0.4315,-0.8626,-0.2007,0.8311,0.0767,0.3993,0.0440,-0.4341,-0.8063,0.0653,-0.3092,0.9488
33.6273,-0.0013,1.1305,-0.0437,0.1579,0.0292,0.0215,0.9868,0.0958,0.8313,0.1715,0.0724,0.2648,0.4528,-0.8483,-0.1998,0.8302,0.0773,0.3985,0.0434,-0.4338,-0.8070,0.0644,-0.3104,0.9484
33.6833,-0.0017,1.1306,-0.0441,0.1573,0.0281,0.0211,0.9869,0.0835,0.8200,0.1679,0.0435,0.2884,0.4146,-0.8620,-0.1986,0.8303,0.0768,0.4003,0.0411,-0.4345,-0.8058,0.0621,-0.3092,0.9490
33.7662,-0.0030,1.1306,-0.0440,0.1566,0.0265,0.0214,0.9871,0.0722,0.8059,0.1634,0.0138,0.2867,0.3890,-0.8754,-0.1984,0.8308,0.0758,0.3997,0.0398,-0.4359,-0.8054,0.0590,-0.3080,0.9496
33.8214,-0.0042,1.1308,-0.0439,0.1563,0.0245,0.0214,0.9872,0.0811,0.7855,0.1719,0.0195,0.2610,0.3549,-0.8975,-0.1996,0.8318,0.0735,0.4003,0.0421,-0.4365,-0.8047,0.0550,-0.3076,0.9499
33.8771,-0.0050,1.1307,-0.0430,0.1565,0.0230,0.0226,0.9871,0.0876,0.7756,0.1786,0.0286,0.2617,0.3169,-0.9112,-0.2011,0.8320,0.0723,0.4017,0.0435,-0.4359,-0.8042,0.0526,-0.3080,0.9499
33.9612,-0.0054,1.1306,-0.0427,0.1572,0.0223,0.0244,0.9870,0.0925,0.7650,0.1832,0.0395,0.2661,0.3000,-0.9152,-0.2031,0.8322,0.0721,0.4021,0.0476,-0.4317,-0.8060,0.0516,-0.3092,0.9496
34.0167,-0.0059,1.1307,-0.0426,0.1569,0.0218,0.0252,0.9871,0.0971,0.7710,0.1828,0.0478,0.2647,0.3041,-0.9139,-0.2030,0.8305,0.0732,0.4046,0.0470,-0.4318,-0.8048,0.0508,-0.3086,0.9498
34.0717,-0.0059,1.1310,-0.0423,0.1559,0.0215,0.0255,0.9872,0.0974,0.7753,0.1818,0.0477,0.2637,0.2905,-0.9186,-0.2015,0.8307,0.0734,0.4041,0.0487,-0.4319,-0.8048,0.0504,-0.3068,0.9504
34.1545,-0.0055,1.1308,-0.0417,0.1570,0.0218,0.0246,0.9870,0.0965,0.7771,0.1809,0.0489,0.2589,0.2810,-0.9228,-0.1997,0.8306,0.0733,0.4013,0.0491,-0.4340,-0.8051,0.0508,-0.3089,0.9497
34.2103,-0.0053,1.1304,-0.0415,0.1580,0.0218,0.0238,0.9869,0.0963,0.7786,0.1795,0.0401,0.2532,0.2886,-0.9225,-0.1974,0.8310,0.0727,0.3991,0.0481,-0.4366,-0.8049,0.0505,-0.3109,0.9491
34.2664,-0.0052,1.1303,-0.0415,0.1580,0.0219,0.0236,0.9869,0.0966,0.7786,0.1787,0.0379,0.2523,0.2921,-0.9217,-0.1966,0.8320,0.0720,0.3957,0.0493,-0.4389,-0.8052,0.0507,-0.3109,0.9491
34.3501,-0.0051,1.1305,-0.0415,0.1576,0.0207,0.0239,0.9870,0.0968,0.7785,0.1780,0.0384,0.2527,0.2937,-0.9211,-0.1959,0.8334,0.0714,0.3942,0.0531,-0.4391,-0.8056,0.0485,-0.3101,0.9495
34.4054,-0.0053,1.1307,-0.0416,0.1569,0.0194,0.0240,0.9871,0.0973,0.7785,0.1778,0.0387,0.2531,0.2959,-0.9203,-0.1954,0.8337,0.0705,0.3956,0.0500,-0.4406,-0.8043,0.0458,-0.3089,0.9500
34.4617,-0.0054,1.1307,-0.0414,0.1571,0.0179,0.0245,0.9871,0.0972,0.7788,0.1780,0.0388,0.2537,0.2965,-0.9199,-0.1948,0.8339,0.0700,0.3957,0.0503,-0.4398,-0.8047,0.0430,-0.3092,0.9500
34.5440,-0.0055,1.1305,-0.0411,0.1573,0.0165,0.0238,0.9871,0.0970,0.7783,0.1786,0.0380,0.2535,0.2970,-0.9198,-0.1937,0.8343,0.0694,0.3952,0.0500,-0.4406,-0.8045,0.0400,-0.3097,0.9500
34.6003,-0.0058,1.1306,-0.0407,0.1576,0.0149,0.0240,0.9871,0.0970,0.7770,0.1794,0.0377,0.2533,0.2968,-0.9200,-0.1936,0.8338,0.0696,0.3955,0.0495,-0.4406,-0.8044,0.0370,-0.3104,0.9499
